set,relic_id,combination_id,width,height,caption
fold0,PS0100100100500306300000,1,683,1024,"KORART, ancient Korean artifact, geometric shape, made of ceramic, Goryeo period, used for social life, museum quality photograph, plain light-gray background, high detail"
fold0,PS0100100100500000800000,1,1024,683,"KORART, ancient Korean artifact, geometric shape, made of ceramic, Goryeo period, used for social life, museum quality photograph, plain light-gray background, high detail"
fold0,PS0100100100500050600000,1,1024,683,"KORART, ancient Korean artifact, geometric shape, made of ceramic, Goryeo period, used for social life, museum quality photograph, plain light-gray background, high detail"
fold0,PS0100100101101155600000,2,768,1024,"KORART, ancient Korean artifact, geometric shape, made of earthenware clay, Bronze Age period, used for food and dining, museum quality photograph, plain light-gray background, high detail"
fold0,PS0100100100100966300000,3,796,1024,"KORART, ancient Korean artifact, geometric shape, made of metal, Silla period, used for clothing and adornment, museum quality photograph, plain light-gray background, high detail"
fold0,PS0100100100101432100000,3,1024,683,"KORART, ancient Korean artifact, geometric shape, made of metal, Silla period, used for clothing and adornment, museum quality photograph, plain light-gray background, high detail"
fold0,PS0100100100101432000000,3,746,1024,"KORART, ancient Korean artifact, geometric shape, made of metal, Silla period, used for clothing and adornment, museum quality photograph, plain light-gray background, high detail"
fold0,PS0100100100100625500000,3,1024,857,"KORART, ancient Korean artifact, geometric shape, made of metal, Silla period, used for clothing and adornment, museum quality photograph, plain light-gray background, high detail"
fold0,PS0100100101100957900000,4,768,1024,"KORART, ancient Korean artifact, geometric shape, made of wood, Japanese colonial period, used for traditional science, museum quality photograph, plain light-gray background, high detail"
fold0,PS0100100101100958100000,4,669,515,"KORART, ancient Korean artifact, geometric shape, made of wood, Japanese colonial period, used for traditional science, museum quality photograph, plain light-gray background, high detail"
fold0,PS0100100101100958300000,4,1024,768,"KORART, ancient Korean artifact, geometric shape, made of wood, Japanese colonial period, used for traditional science, museum quality photograph, plain light-gray background, high detail"
fold0,PS0100100101105195100000,5,1024,768,"KORART, ancient Korean artifact, geometric shape, made of lacquer, Goryeo period, used for arts and culture, museum quality photograph, plain light-gray background, high detail"
fold0,PS0100100102102857000000,5,1024,683,"KORART, ancient Korean artifact, geometric shape, made of lacquer, Goryeo period, used for arts and culture, museum quality photograph, plain light-gray background, high detail"
fold0,PS0100100102102995300000,5,1024,683,"KORART, ancient Korean artifact, geometric shape, made of lacquer, Goryeo period, used for arts and culture, museum quality photograph, plain light-gray background, high detail"
fold0,PS0100100300100533300000,6,1024,672,"KORART, ancient Korean artifact, geometric shape, made of metal, Baekje period, used for social life, museum quality photograph, plain light-gray background, high detail"
fold0,PS0100100400700004500000,6,1024,683,"KORART, ancient Korean artifact, geometric shape, made of metal, Baekje period, used for social life, museum quality photograph, plain light-gray background, high detail"
fold0,PS0100100400700004400000,6,1024,683,"KORART, ancient Korean artifact, geometric shape, made of metal, Baekje period, used for social life, museum quality photograph, plain light-gray background, high detail"
fold0,PS0100100400700001300000,6,1024,683,"KORART, ancient Korean artifact, geometric shape, made of metal, Baekje period, used for social life, museum quality photograph, plain light-gray background, high detail"
fold0,PS0100100101600219800000,7,1024,827,"KORART, ancient Korean artifact, round shape, made of metal, Goryeo period, used for household life, museum quality photograph, plain light-gray background, high detail"
fold0,PS0100100100500028700000,7,1024,802,"KORART, ancient Korean artifact, round shape, made of metal, Goryeo period, used for household life, museum quality photograph, plain light-gray background, high detail"
fold0,PS0100100100100663000000,8,669,515,"KORART, ancient Korean artifact, round shape, made of earthenware clay, Tang period, used for household life, museum quality photograph, plain light-gray background, high detail"
fold0,PS0100100100100668100000,8,1024,683,"KORART, ancient Korean artifact, round shape, made of earthenware clay, Tang period, used for household life, museum quality photograph, plain light-gray background, high detail"
fold0,PS0100100101100076700000,10,800,570,"KORART, ancient Korean artifact, round shape, made of glass or gemstone, Unified Silla period, used for clothing and adornment, museum quality photograph, plain light-gray background, high detail"
fold0,PS0100100100100037100000,13,768,1024,"KORART, ancient Korean artifact, human-figure shape, made of metal, Goryeo period, used for religion and ritual, museum quality photograph, plain light-gray background, high detail"
fold0,PS0100100100500211600000,13,683,1024,"KORART, ancient Korean artifact, human-figure shape, made of metal, Goryeo period, used for religion and ritual, museum quality photograph, plain light-gray background, high detail"
fold0,PS0100100100500007100000,13,683,1024,"KORART, ancient Korean artifact, human-figure shape, made of metal, Goryeo period, used for religion and ritual, museum quality photograph, plain light-gray background, high detail"
fold0,PS0100100101101512700000,15,283,400,"KORART, ancient Korean artifact, human-figure shape, made of wood, Joseon period, used for religion and ritual, museum quality photograph, plain light-gray background, high detail"
fold0,PS0100100100500183100000,15,683,1024,"KORART, ancient Korean artifact, human-figure shape, made of wood, Joseon period, used for religion and ritual, museum quality photograph, plain light-gray background, high detail"
fold0,PS0100100102400429600000,15,768,1024,"KORART, ancient Korean artifact, human-figure shape, made of wood, Joseon period, used for religion and ritual, museum quality photograph, plain light-gray background, high detail"
fold0,PS0100100101100329800000,17,515,668,"KORART, ancient Korean artifact, human-figure shape, made of metal, Baekje period, used for religion and ritual, museum quality photograph, plain light-gray background, high detail"
fold0,PS0100100101100329900000,17,515,668,"KORART, ancient Korean artifact, human-figure shape, made of metal, Baekje period, used for religion and ritual, museum quality photograph, plain light-gray background, high detail"
fold0,PS0100100101200033500002,17,768,1024,"KORART, ancient Korean artifact, human-figure shape, made of metal, Baekje period, used for religion and ritual, museum quality photograph, plain light-gray background, high detail"
fold0,PS0100100100500228600000,19,942,1024,"KORART, ancient Korean artifact, rectangular shape, made of textile, Joseon period, used for religion and ritual, museum quality photograph, plain light-gray background, high detail"
fold0,PS0100100101600935600000,19,1024,683,"KORART, ancient Korean artifact, rectangular shape, made of textile, Joseon period, used for religion and ritual, museum quality photograph, plain light-gray background, high detail"
fold0,PS0100100101100274300000,19,768,1024,"KORART, ancient Korean artifact, rectangular shape, made of textile, Joseon period, used for religion and ritual, museum quality photograph, plain light-gray background, high detail"
fold0,PS0100100101600858900000,19,1024,698,"KORART, ancient Korean artifact, rectangular shape, made of textile, Joseon period, used for religion and ritual, museum quality photograph, plain light-gray background, high detail"
fold0,PS0100100101101146700000,20,328,178,"KORART, ancient Korean artifact, rectangular shape, made of textile, Joseon period, used for clothing and adornment, museum quality photograph, plain light-gray background, high detail"
fold0,PS0100100101601047800000,20,683,1024,"KORART, ancient Korean artifact, rectangular shape, made of textile, Joseon period, used for clothing and adornment, museum quality photograph, plain light-gray background, high detail"
fold0,PS0100100101700653700000,20,682,1024,"KORART, ancient Korean artifact, rectangular shape, made of textile, Joseon period, used for clothing and adornment, museum quality photograph, plain light-gray background, high detail"
fold0,PS0100100100900261300000,22,811,1024,"KORART, ancient Korean artifact, rectangular shape, made of paper, Joseon period, used for arts and culture, museum quality photograph, plain light-gray background, high detail"
fold0,PS0100100100100650400000,22,669,515,"KORART, ancient Korean artifact, rectangular shape, made of paper, Joseon period, used for arts and culture, museum quality photograph, plain light-gray background, high detail"
fold0,PS0100100100500527900000,22,683,1024,"KORART, ancient Korean artifact, rectangular shape, made of paper, Joseon period, used for arts and culture, museum quality photograph, plain light-gray background, high detail"
fold0,PS0100100101700895300000,22,1024,683,"KORART, ancient Korean artifact, rectangular shape, made of paper, Joseon period, used for arts and culture, museum quality photograph, plain light-gray background, high detail"
fold0,PS0100100101600264700000,23,669,515,"KORART, ancient Korean artifact, rectangular shape, made of paper, Joseon period, used for social life, museum quality photograph, plain light-gray background, high detail"
fold0,PS0100100101200011100000,23,750,1024,"KORART, ancient Korean artifact, rectangular shape, made of paper, Joseon period, used for social life, museum quality photograph, plain light-gray background, high detail"
fold0,PS0100100101700630700000,23,1024,683,"KORART, ancient Korean artifact, rectangular shape, made of paper, Joseon period, used for social life, museum quality photograph, plain light-gray background, high detail"
fold0,PS0100100101700938100000,23,1024,683,"KORART, ancient Korean artifact, rectangular shape, made of paper, Joseon period, used for social life, museum quality photograph, plain light-gray background, high detail"
fold0,PS0100100100900360700000,24,683,1024,"KORART, ancient Korean artifact, rectangular shape, made of paper, Joseon period, used for traditional science, museum quality photograph, plain light-gray background, high detail"
fold0,PS0100100101100050400000,24,717,1024,"KORART, ancient Korean artifact, rectangular shape, made of paper, Joseon period, used for traditional science, museum quality photograph, plain light-gray background, high detail"
fold0,PS0100100101101665300000,24,850,1024,"KORART, ancient Korean artifact, rectangular shape, made of paper, Joseon period, used for traditional science, museum quality photograph, plain light-gray background, high detail"
fold0,PS0100100101600968900000,24,1024,834,"KORART, ancient Korean artifact, rectangular shape, made of paper, Joseon period, used for traditional science, museum quality photograph, plain light-gray background, high detail"
fold0,PS0100100102002952100000,25,1024,782,"KORART, ancient Korean artifact, rectangular shape, made of glass or gemstone, Japanese colonial period, used for records and media, museum quality photograph, plain light-gray background, high detail"
fold0,PS0100100102001666100000,25,1024,853,"KORART, ancient Korean artifact, rectangular shape, made of glass or gemstone, Japanese colonial period, used for records and media, museum quality photograph, plain light-gray background, high detail"
fold0,PS0100100102001652400000,25,864,1024,"KORART, ancient Korean artifact, rectangular shape, made of glass or gemstone, Japanese colonial period, used for records and media, museum quality photograph, plain light-gray background, high detail"
fold0,PS0100100102003050100000,25,1024,763,"KORART, ancient Korean artifact, rectangular shape, made of glass or gemstone, Japanese colonial period, used for records and media, museum quality photograph, plain light-gray background, high detail"
fold0,PS0100100100100661400000,26,1024,768,"KORART, ancient Korean artifact, rectangular shape, made of glass or gemstone, Nangnang period, used for social life, museum quality photograph, plain light-gray background, high detail"
fold0,PS0100100100100664600000,26,669,515,"KORART, ancient Korean artifact, rectangular shape, made of glass or gemstone, Nangnang period, used for social life, museum quality photograph, plain light-gray background, high detail"
fold0,PS0100100100100658700000,26,1024,683,"KORART, ancient Korean artifact, rectangular shape, made of glass or gemstone, Nangnang period, used for social life, museum quality photograph, plain light-gray background, high detail"
fold0,PS0100100100500418200000,27,1024,683,"KORART, ancient Korean artifact, rectangular shape, made of bone, horn or shell, Joseon period, used for household life, museum quality photograph, plain light-gray background, high detail"
fold0,PS0100100100500128600000,27,1024,618,"KORART, ancient Korean artifact, rectangular shape, made of bone, horn or shell, Joseon period, used for household life, museum quality photograph, plain light-gray background, high detail"
fold0,PS0100100100500281500000,27,1024,740,"KORART, ancient Korean artifact, rectangular shape, made of bone, horn or shell, Joseon period, used for household life, museum quality photograph, plain light-gray background, high detail"
fold0,PS0100100101101428300000,28,1024,683,"KORART, ancient Korean artifact, rectangular shape, made of stone, Japanese colonial period, used for traditional science, museum quality photograph, plain light-gray background, high detail"
fold0,PS0100100101101428500000,28,683,1024,"KORART, ancient Korean artifact, rectangular shape, made of stone, Japanese colonial period, used for traditional science, museum quality photograph, plain light-gray background, high detail"
fold0,PS0100100101101431100000,28,1024,756,"KORART, ancient Korean artifact, rectangular shape, made of stone, Japanese colonial period, used for traditional science, museum quality photograph, plain light-gray background, high detail"
fold0,PS0100100100100405600000,29,826,1024,"KORART, ancient Korean artifact, rectangular shape, made of earthenware clay, Joseon period, used for arts and culture, museum quality photograph, plain light-gray background, high detail"
fold0,PS0100100100100404700000,29,768,1024,"KORART, ancient Korean artifact, rectangular shape, made of earthenware clay, Joseon period, used for arts and culture, museum quality photograph, plain light-gray background, high detail"
fold0,PS0100100100100406100000,29,1024,741,"KORART, ancient Korean artifact, rectangular shape, made of earthenware clay, Joseon period, used for arts and culture, museum quality photograph, plain light-gray background, high detail"
fold0,PS0100100100100336400000,30,1024,723,"KORART, ancient Korean artifact, rectangular shape, made of metal, Joseon period, used for traditional science, museum quality photograph, plain light-gray background, high detail"
fold0,PS0100100100100339300000,30,1024,769,"KORART, ancient Korean artifact, rectangular shape, made of metal, Joseon period, used for traditional science, museum quality photograph, plain light-gray background, high detail"
fold0,PS0100100100100336900000,30,1024,742,"KORART, ancient Korean artifact, rectangular shape, made of metal, Joseon period, used for traditional science, museum quality photograph, plain light-gray background, high detail"
fold0,PS0100100100701487100000,32,811,1024,"KORART, ancient Korean artifact, animal-shaped shape, made of ceramic, Goryeo period, used for household life, museum quality photograph, plain light-gray background, high detail"
fold0,PS0100100100500555900000,32,1024,683,"KORART, ancient Korean artifact, animal-shaped shape, made of ceramic, Goryeo period, used for household life, museum quality photograph, plain light-gray background, high detail"
fold0,PS0100100100500618500000,32,1024,683,"KORART, ancient Korean artifact, animal-shaped shape, made of ceramic, Goryeo period, used for household life, museum quality photograph, plain light-gray background, high detail"
fold0,PS0100100100100659100000,33,1024,683,"KORART, ancient Korean artifact, animal-shaped shape, made of glass or gemstone, Nangnang period, used for social life, museum quality photograph, plain light-gray background, high detail"
fold0,PS0100100101100923800000,34,1024,769,"KORART, ancient Korean artifact, animal-shaped shape, made of stone, Joseon period, used for traditional science, museum quality photograph, plain light-gray background, high detail"
fold0,PS0100100101100923600000,34,669,515,"KORART, ancient Korean artifact, animal-shaped shape, made of stone, Joseon period, used for traditional science, museum quality photograph, plain light-gray background, high detail"
fold0,PS0100100100500435100000,34,1024,683,"KORART, ancient Korean artifact, animal-shaped shape, made of stone, Joseon period, used for traditional science, museum quality photograph, plain light-gray background, high detail"
fold0,PS0100100102400062200000,35,1024,683,"KORART, ancient Korean artifact, cylindrical shape, made of ceramic, Goryeo period, used for household life, museum quality photograph, plain light-gray background, high detail"
fold0,PS0100100100900126200000,35,1024,683,"KORART, ancient Korean artifact, cylindrical shape, made of ceramic, Goryeo period, used for household life, museum quality photograph, plain light-gray background, high detail"
fold0,PS0100100100100425500000,35,1024,683,"KORART, ancient Korean artifact, cylindrical shape, made of ceramic, Goryeo period, used for household life, museum quality photograph, plain light-gray background, high detail"
fold0,PS0100100100500142600000,36,1024,683,"KORART, ancient Korean artifact, cylindrical shape, made of ceramic, Joseon period, used for food and dining, museum quality photograph, plain light-gray background, high detail"
fold0,PS0100100101700692600000,36,1024,682,"KORART, ancient Korean artifact, cylindrical shape, made of ceramic, Joseon period, used for food and dining, museum quality photograph, plain light-gray background, high detail"
fold0,PS0100100100101125800000,36,1024,769,"KORART, ancient Korean artifact, cylindrical shape, made of ceramic, Joseon period, used for food and dining, museum quality photograph, plain light-gray background, high detail"
fold0,PS0100100100500081900000,36,1024,683,"KORART, ancient Korean artifact, cylindrical shape, made of ceramic, Joseon period, used for food and dining, museum quality photograph, plain light-gray background, high detail"
fold0,PS0100100101100632600000,37,1024,769,"KORART, ancient Korean artifact, cylindrical shape, made of metal, Joseon period, used for military use, museum quality photograph, plain light-gray background, high detail"
fold0,PS0100100100100019300000,37,669,515,"KORART, ancient Korean artifact, cylindrical shape, made of metal, Joseon period, used for military use, museum quality photograph, plain light-gray background, high detail"
fold0,PS0100100100500211400000,37,1024,769,"KORART, ancient Korean artifact, cylindrical shape, made of metal, Joseon period, used for military use, museum quality photograph, plain light-gray background, high detail"
fold0,PS0100100101102898400000,38,767,1024,"KORART, ancient Korean artifact, triangular shape, made of metal, Goguryeo period, used for military use, museum quality photograph, plain light-gray background, high detail"
fold0,PS0100100101103140500000,38,1024,683,"KORART, ancient Korean artifact, triangular shape, made of metal, Goguryeo period, used for military use, museum quality photograph, plain light-gray background, high detail"
fold0,PS0100100101103138800000,38,1024,683,"KORART, ancient Korean artifact, triangular shape, made of metal, Goguryeo period, used for military use, museum quality photograph, plain light-gray background, high detail"
fold0,PS0100100102100101300000,38,774,515,"KORART, ancient Korean artifact, triangular shape, made of metal, Goguryeo period, used for military use, museum quality photograph, plain light-gray background, high detail"
fold0,PS0100100101102289100000,39,769,1024,"KORART, ancient Korean artifact, triangular shape, made of earthenware clay, Neolithic period, used for food and dining, museum quality photograph, plain light-gray background, high detail"
fold0,PS0100100101102271900000,39,1024,683,"KORART, ancient Korean artifact, triangular shape, made of earthenware clay, Neolithic period, used for food and dining, museum quality photograph, plain light-gray background, high detail"
fold0,PS0100100101102206200000,39,851,1024,"KORART, ancient Korean artifact, triangular shape, made of earthenware clay, Neolithic period, used for food and dining, museum quality photograph, plain light-gray background, high detail"
fold0,PS0100100100101388300000,40,1024,768,"KORART, ancient Korean artifact, triangular shape, made of stone, Bronze Age period, used for industry and livelihood, museum quality photograph, plain light-gray background, high detail"
fold0,PS0100101100100000100000,40,697,1024,"KORART, ancient Korean artifact, triangular shape, made of stone, Bronze Age period, used for industry and livelihood, museum quality photograph, plain light-gray background, high detail"
fold0,PS0100100102101713900000,40,1024,683,"KORART, ancient Korean artifact, triangular shape, made of stone, Bronze Age period, used for industry and livelihood, museum quality photograph, plain light-gray background, high detail"
fold0,PS0100100102400000500000,41,768,1024,"KORART, ancient Korean artifact, geometric shape, made of metal, Early Iron Age period, used for military use, museum quality photograph, plain light-gray background, high detail"
fold0,PS0100100102400312100000,41,683,1024,"KORART, ancient Korean artifact, geometric shape, made of metal, Early Iron Age period, used for military use, museum quality photograph, plain light-gray background, high detail"
fold0,PS0100100102400311900000,41,683,1024,"KORART, ancient Korean artifact, geometric shape, made of metal, Early Iron Age period, used for military use, museum quality photograph, plain light-gray background, high detail"
fold0,PS0100100102400310500000,41,1024,683,"KORART, ancient Korean artifact, geometric shape, made of metal, Early Iron Age period, used for military use, museum quality photograph, plain light-gray background, high detail"
fold0,PS0100100101500010600000,44,1024,731,"KORART, ancient Korean artifact, geometric shape, made of metal, modern period, used for arts and culture, museum quality photograph, plain light-gray background, high detail"
fold0,PS0100100101500021600000,44,1024,731,"KORART, ancient Korean artifact, geometric shape, made of metal, modern period, used for arts and culture, museum quality photograph, plain light-gray background, high detail"
fold0,PS0100100101500002000000,44,1024,802,"KORART, ancient Korean artifact, geometric shape, made of metal, modern period, used for arts and culture, museum quality photograph, plain light-gray background, high detail"
fold0,PS0100100101101572800000,47,669,515,"KORART, ancient Korean artifact, geometric shape, made of wood, Joseon period, used for religion and ritual, museum quality photograph, plain light-gray background, high detail"
fold0,PS0100100102400430200000,47,862,1024,"KORART, ancient Korean artifact, geometric shape, made of wood, Joseon period, used for religion and ritual, museum quality photograph, plain light-gray background, high detail"
fold0,PS0100100101101530600000,47,768,1024,"KORART, ancient Korean artifact, geometric shape, made of wood, Joseon period, used for religion and ritual, museum quality photograph, plain light-gray background, high detail"
fold0,PS0100100101101531100000,47,768,1024,"KORART, ancient Korean artifact, geometric shape, made of wood, Joseon period, used for religion and ritual, museum quality photograph, plain light-gray background, high detail"
fold0,PS0100100400700002100000,48,1024,683,"KORART, ancient Korean artifact, geometric shape, made of wood, Baekje period, used for social life, museum quality photograph, plain light-gray background, high detail"
fold0,PS0100100400700006100000,48,1024,683,"KORART, ancient Korean artifact, geometric shape, made of wood, Baekje period, used for social life, museum quality photograph, plain light-gray background, high detail"
fold0,PS0100100400700006200000,48,1024,683,"KORART, ancient Korean artifact, geometric shape, made of wood, Baekje period, used for social life, museum quality photograph, plain light-gray background, high detail"
fold0,PS0100100400700010400000,48,1024,683,"KORART, ancient Korean artifact, geometric shape, made of wood, Baekje period, used for social life, museum quality photograph, plain light-gray background, high detail"
fold0,PS0100100100600000900000,49,1024,769,"KORART, ancient Korean artifact, geometric shape, made of ceramic, Joseon period, used for traditional science, museum quality photograph, plain light-gray background, high detail"
fold0,PS0100100100900067100000,49,1024,683,"KORART, ancient Korean artifact, geometric shape, made of ceramic, Joseon period, used for traditional science, museum quality photograph, plain light-gray background, high detail"
fold0,PS0100100100101094200000,49,1024,683,"KORART, ancient Korean artifact, geometric shape, made of ceramic, Joseon period, used for traditional science, museum quality photograph, plain light-gray background, high detail"
fold0,PS0100100100900034400000,50,683,1024,"KORART, ancient Korean artifact, geometric shape, made of ceramic, Joseon period, used for household life, museum quality photograph, plain light-gray background, high detail"
fold0,PS0100100101100415000000,50,669,515,"KORART, ancient Korean artifact, geometric shape, made of ceramic, Joseon period, used for household life, museum quality photograph, plain light-gray background, high detail"
fold0,PS0100100100100247200000,50,1024,769,"KORART, ancient Korean artifact, geometric shape, made of ceramic, Joseon period, used for household life, museum quality photograph, plain light-gray background, high detail"
fold0,PS0100100101100095500000,50,1024,768,"KORART, ancient Korean artifact, geometric shape, made of ceramic, Joseon period, used for household life, museum quality photograph, plain light-gray background, high detail"
fold0,PS0100100101600442600000,51,1024,682,"KORART, ancient Korean artifact, geometric shape, made of ceramic, Qing period, used for food and dining, museum quality photograph, plain light-gray background, high detail"
fold0,PS0100100101600334500000,51,764,1024,"KORART, ancient Korean artifact, geometric shape, made of ceramic, Qing period, used for food and dining, museum quality photograph, plain light-gray background, high detail"
fold0,PS0100100101600426500000,51,682,1024,"KORART, ancient Korean artifact, geometric shape, made of ceramic, Qing period, used for food and dining, museum quality photograph, plain light-gray background, high detail"
fold0,PS0100100102400294800000,51,731,1024,"KORART, ancient Korean artifact, geometric shape, made of ceramic, Qing period, used for food and dining, museum quality photograph, plain light-gray background, high detail"
fold0,PS0100100101600284800000,52,817,1024,"KORART, ancient Korean artifact, geometric shape, made of ceramic, Yuan period, used for food and dining, museum quality photograph, plain light-gray background, high detail"
fold0,PS0100100100701382100000,52,769,1024,"KORART, ancient Korean artifact, geometric shape, made of ceramic, Yuan period, used for food and dining, museum quality photograph, plain light-gray background, high detail"
fold0,PS0100100100700667600000,52,769,1024,"KORART, ancient Korean artifact, geometric shape, made of ceramic, Yuan period, used for food and dining, museum quality photograph, plain light-gray background, high detail"
fold0,PS0100100100700669500000,52,768,1024,"KORART, ancient Korean artifact, geometric shape, made of ceramic, Yuan period, used for food and dining, museum quality photograph, plain light-gray background, high detail"
fold0,PS0100100100500510500000,53,683,1024,"KORART, ancient Korean artifact, geometric shape, made of ceramic, Song period, used for food and dining, museum quality photograph, plain light-gray background, high detail"
fold0,PS0100100100500425600000,53,1024,769,"KORART, ancient Korean artifact, geometric shape, made of ceramic, Song period, used for food and dining, museum quality photograph, plain light-gray background, high detail"
fold0,PS0100100100500372500000,53,1024,768,"KORART, ancient Korean artifact, geometric shape, made of ceramic, Song period, used for food and dining, museum quality photograph, plain light-gray background, high detail"
fold0,PS0100100100500151500000,53,819,1024,"KORART, ancient Korean artifact, geometric shape, made of ceramic, Song period, used for food and dining, museum quality photograph, plain light-gray background, high detail"
fold0,PS0100100101102288700000,54,1024,811,"KORART, ancient Korean artifact, geometric shape, made of stone, Neolithic period, used for industry and livelihood, museum quality photograph, plain light-gray background, high detail"
fold0,PS0100100101102290900000,54,1024,769,"KORART, ancient Korean artifact, geometric shape, made of stone, Neolithic period, used for industry and livelihood, museum quality photograph, plain light-gray background, high detail"
fold0,PS0100100102101335700000,54,1024,683,"KORART, ancient Korean artifact, geometric shape, made of stone, Neolithic period, used for industry and livelihood, museum quality photograph, plain light-gray background, high detail"
fold0,PS0100100101103931800000,54,1024,683,"KORART, ancient Korean artifact, geometric shape, made of stone, Neolithic period, used for industry and livelihood, museum quality photograph, plain light-gray background, high detail"
fold0,PS0100100101100055000000,55,784,1024,"KORART, ancient Korean artifact, geometric shape, made of stone, Unified Silla period, used for religion and ritual, museum quality photograph, plain light-gray background, high detail"
fold0,PS0100100101300096700000,55,980,669,"KORART, ancient Korean artifact, geometric shape, made of stone, Unified Silla period, used for religion and ritual, museum quality photograph, plain light-gray background, high detail"
fold0,PS0100100101100054900000,55,1024,867,"KORART, ancient Korean artifact, geometric shape, made of stone, Unified Silla period, used for religion and ritual, museum quality photograph, plain light-gray background, high detail"
fold0,PS0100100102100228900000,55,1024,683,"KORART, ancient Korean artifact, geometric shape, made of stone, Unified Silla period, used for religion and ritual, museum quality photograph, plain light-gray background, high detail"
fold0,PS0100100100500265200000,57,669,515,"KORART, ancient Korean artifact, geometric shape, made of earthenware clay, Silla period, used for food and dining, museum quality photograph, plain light-gray background, high detail"
fold0,PS0100100101700358200000,57,1024,683,"KORART, ancient Korean artifact, geometric shape, made of earthenware clay, Silla period, used for food and dining, museum quality photograph, plain light-gray background, high detail"
fold0,PS0100100101100117500000,58,1024,683,"KORART, ancient Korean artifact, geometric shape, made of earthenware clay, Joseon period, used for traditional science, museum quality photograph, plain light-gray background, high detail"
fold0,PS0100100100100644600000,58,1024,683,"KORART, ancient Korean artifact, geometric shape, made of earthenware clay, Joseon period, used for traditional science, museum quality photograph, plain light-gray background, high detail"
fold0,PS0100100101101251500000,58,1024,683,"KORART, ancient Korean artifact, geometric shape, made of earthenware clay, Joseon period, used for traditional science, museum quality photograph, plain light-gray background, high detail"
fold0,PS0100401000100045000000,58,1024,768,"KORART, ancient Korean artifact, geometric shape, made of earthenware clay, Joseon period, used for traditional science, museum quality photograph, plain light-gray background, high detail"
fold0,PS0100100101700023300000,59,1024,683,"KORART, ancient Korean artifact, geometric shape, made of earthenware clay, Joseon period, used for household life, museum quality photograph, plain light-gray background, high detail"
fold0,PS0100100101700112300000,59,1024,683,"KORART, ancient Korean artifact, geometric shape, made of earthenware clay, Joseon period, used for household life, museum quality photograph, plain light-gray background, high detail"
fold0,PS0100100101700236600000,59,1024,683,"KORART, ancient Korean artifact, geometric shape, made of earthenware clay, Joseon period, used for household life, museum quality photograph, plain light-gray background, high detail"
fold0,PS0100100102102268300000,59,1024,683,"KORART, ancient Korean artifact, geometric shape, made of earthenware clay, Joseon period, used for household life, museum quality photograph, plain light-gray background, high detail"
fold0,PS0100100101100600400000,60,669,515,"KORART, ancient Korean artifact, round shape, made of metal, Joseon period, used for industry and livelihood, museum quality photograph, plain light-gray background, high detail"
fold0,PS0100100101101256400000,60,1024,769,"KORART, ancient Korean artifact, round shape, made of metal, Joseon period, used for industry and livelihood, museum quality photograph, plain light-gray background, high detail"
fold0,PS0100100101101256100000,60,1024,769,"KORART, ancient Korean artifact, round shape, made of metal, Joseon period, used for industry and livelihood, museum quality photograph, plain light-gray background, high detail"
fold0,PS0100100100300082100000,60,1024,683,"KORART, ancient Korean artifact, round shape, made of metal, Joseon period, used for industry and livelihood, museum quality photograph, plain light-gray background, high detail"
fold0,PS0100100100300074700000,61,1024,769,"KORART, ancient Korean artifact, round shape, made of metal, Joseon period, used for social life, museum quality photograph, plain light-gray background, high detail"
fold0,PS0100100101104148300000,61,1024,683,"KORART, ancient Korean artifact, round shape, made of metal, Joseon period, used for social life, museum quality photograph, plain light-gray background, high detail"
fold0,PS0100100101101680800000,62,1024,683,"KORART, ancient Korean artifact, round shape, made of metal, Korean Empire period, used for social life, museum quality photograph, plain light-gray background, high detail"
fold0,PS0100100101101787200000,62,764,1024,"KORART, ancient Korean artifact, round shape, made of metal, Korean Empire period, used for social life, museum quality photograph, plain light-gray background, high detail"
fold0,PS0100100101101787000000,62,781,1024,"KORART, ancient Korean artifact, round shape, made of metal, Korean Empire period, used for social life, museum quality photograph, plain light-gray background, high detail"
fold0,PS0100101200108555800000,62,1024,683,"KORART, ancient Korean artifact, round shape, made of metal, Korean Empire period, used for social life, museum quality photograph, plain light-gray background, high detail"
fold0,PS0100100101100012000000,63,1024,768,"KORART, ancient Korean artifact, round shape, made of metal, Silla period, used for food and dining, museum quality photograph, plain light-gray background, high detail"
fold0,PS0100100100101435700000,63,1024,768,"KORART, ancient Korean artifact, round shape, made of metal, Silla period, used for food and dining, museum quality photograph, plain light-gray background, high detail"
fold0,PS0100100100101435600000,63,1024,768,"KORART, ancient Korean artifact, round shape, made of metal, Silla period, used for food and dining, museum quality photograph, plain light-gray background, high detail"
fold0,PS0100100101100016500000,63,750,515,"KORART, ancient Korean artifact, round shape, made of metal, Silla period, used for food and dining, museum quality photograph, plain light-gray background, high detail"
fold0,PS0100100101700130000000,64,1024,682,"KORART, ancient Korean artifact, round shape, made of earthenware clay, Baekje period, used for food and dining, museum quality photograph, plain light-gray background, high detail"
fold0,PS0100100101104881500000,64,1024,683,"KORART, ancient Korean artifact, round shape, made of earthenware clay, Baekje period, used for food and dining, museum quality photograph, plain light-gray background, high detail"
fold0,PS0100100101104883500000,64,1024,683,"KORART, ancient Korean artifact, round shape, made of earthenware clay, Baekje period, used for food and dining, museum quality photograph, plain light-gray background, high detail"
fold0,PS0100100100100903200000,65,1024,678,"KORART, ancient Korean artifact, round shape, made of earthenware clay, Kofun period, used for food and dining, museum quality photograph, plain light-gray background, high detail"
fold0,PS0100100100100903000000,65,1024,683,"KORART, ancient Korean artifact, round shape, made of earthenware clay, Kofun period, used for food and dining, museum quality photograph, plain light-gray background, high detail"
fold0,PS0100100100100897900000,65,1024,683,"KORART, ancient Korean artifact, round shape, made of earthenware clay, Kofun period, used for food and dining, museum quality photograph, plain light-gray background, high detail"
fold0,PS0100100100500133200000,67,768,1024,"KORART, ancient Korean artifact, round shape, made of glass or gemstone, Goryeo period, used for food and dining, museum quality photograph, plain light-gray background, high detail"
fold0,PS0100100100500544300000,67,669,515,"KORART, ancient Korean artifact, round shape, made of glass or gemstone, Goryeo period, used for food and dining, museum quality photograph, plain light-gray background, high detail"
fold0,PS0100100100500506100000,67,669,516,"KORART, ancient Korean artifact, round shape, made of glass or gemstone, Goryeo period, used for food and dining, museum quality photograph, plain light-gray background, high detail"
fold0,PS0100100100500132100000,67,669,515,"KORART, ancient Korean artifact, round shape, made of glass or gemstone, Goryeo period, used for food and dining, museum quality photograph, plain light-gray background, high detail"
fold0,PS0100100101100961800000,70,1024,768,"KORART, ancient Korean artifact, human-figure shape, made of wood, Japanese colonial period, used for religion and ritual, museum quality photograph, plain light-gray background, high detail"
fold0,PS0100100101100961600000,70,768,1024,"KORART, ancient Korean artifact, human-figure shape, made of wood, Japanese colonial period, used for religion and ritual, museum quality photograph, plain light-gray background, high detail"
fold0,PS0100100101100961400000,70,769,1024,"KORART, ancient Korean artifact, human-figure shape, made of wood, Japanese colonial period, used for religion and ritual, museum quality photograph, plain light-gray background, high detail"
fold0,PS0100100101100961300000,70,515,669,"KORART, ancient Korean artifact, human-figure shape, made of wood, Japanese colonial period, used for religion and ritual, museum quality photograph, plain light-gray background, high detail"
fold0,PS0100100100500554700000,71,659,1024,"KORART, ancient Korean artifact, human-figure shape, made of wood, Goryeo period, used for religion and ritual, museum quality photograph, plain light-gray background, high detail"
fold0,PS0100100100500225300000,71,683,1024,"KORART, ancient Korean artifact, human-figure shape, made of wood, Goryeo period, used for religion and ritual, museum quality photograph, plain light-gray background, high detail"
fold0,PS0100100100500119200000,71,768,1024,"KORART, ancient Korean artifact, human-figure shape, made of wood, Goryeo period, used for religion and ritual, museum quality photograph, plain light-gray background, high detail"
fold0,PS0100100100500288000000,71,669,515,"KORART, ancient Korean artifact, human-figure shape, made of wood, Goryeo period, used for religion and ritual, museum quality photograph, plain light-gray background, high detail"
fold0,PS0100100101200043500000,72,768,1024,"KORART, ancient Korean artifact, human-figure shape, made of stone, Baekje period, used for religion and ritual, museum quality photograph, plain light-gray background, high detail"
fold0,PS0100100101200042700000,72,468,600,"KORART, ancient Korean artifact, human-figure shape, made of stone, Baekje period, used for religion and ritual, museum quality photograph, plain light-gray background, high detail"
fold0,PS0100100101100264000000,72,811,1024,"KORART, ancient Korean artifact, human-figure shape, made of stone, Baekje period, used for religion and ritual, museum quality photograph, plain light-gray background, high detail"
fold0,PS0100100100101437000000,72,768,1024,"KORART, ancient Korean artifact, human-figure shape, made of stone, Baekje period, used for religion and ritual, museum quality photograph, plain light-gray background, high detail"
fold0,PS0100100100100669000000,73,683,1024,"KORART, ancient Korean artifact, human-figure shape, made of stone, Tang period, used for religion and ritual, museum quality photograph, plain light-gray background, high detail"
fold0,PS0100100100500579200000,73,668,515,"KORART, ancient Korean artifact, human-figure shape, made of stone, Tang period, used for religion and ritual, museum quality photograph, plain light-gray background, high detail"
fold0,PS0100100100500468400000,73,683,1024,"KORART, ancient Korean artifact, human-figure shape, made of stone, Tang period, used for religion and ritual, museum quality photograph, plain light-gray background, high detail"
fold0,PS0100100101600442700000,73,1024,682,"KORART, ancient Korean artifact, human-figure shape, made of stone, Tang period, used for religion and ritual, museum quality photograph, plain light-gray background, high detail"
fold0,PS0100100101100137000000,74,448,593,"KORART, ancient Korean artifact, human-figure shape, made of stone, Goryeo period, used for religion and ritual, museum quality photograph, plain light-gray background, high detail"
fold0,PS0100100102400476100000,74,225,400,"KORART, ancient Korean artifact, human-figure shape, made of stone, Goryeo period, used for religion and ritual, museum quality photograph, plain light-gray background, high detail"
fold0,PS0100100101101208000000,74,769,1024,"KORART, ancient Korean artifact, human-figure shape, made of stone, Goryeo period, used for religion and ritual, museum quality photograph, plain light-gray background, high detail"
fold0,PS0100100100500403400000,74,1024,683,"KORART, ancient Korean artifact, human-figure shape, made of stone, Goryeo period, used for religion and ritual, museum quality photograph, plain light-gray background, high detail"
fold0,PS0100100101600443000000,75,1024,682,"KORART, ancient Korean artifact, human-figure shape, made of metal, Indian period, used for arts and culture, museum quality photograph, plain light-gray background, high detail"
fold0,PS0100100101600453900000,75,1024,682,"KORART, ancient Korean artifact, human-figure shape, made of metal, Indian period, used for arts and culture, museum quality photograph, plain light-gray background, high detail"
fold0,PS0100100101600454000000,75,1024,682,"KORART, ancient Korean artifact, human-figure shape, made of metal, Indian period, used for arts and culture, museum quality photograph, plain light-gray background, high detail"
fold0,PS0100100101600454100000,75,1024,682,"KORART, ancient Korean artifact, human-figure shape, made of metal, Indian period, used for arts and culture, museum quality photograph, plain light-gray background, high detail"
fold0,PS0100100100500404600000,76,1024,768,"KORART, ancient Korean artifact, human-figure shape, made of metal, Joseon period, used for religion and ritual, museum quality photograph, plain light-gray background, high detail"
fold0,PS0100100500100692300000,76,676,1024,"KORART, ancient Korean artifact, human-figure shape, made of metal, Joseon period, used for religion and ritual, museum quality photograph, plain light-gray background, high detail"
fold0,PS0100100101100452900000,76,768,1024,"KORART, ancient Korean artifact, human-figure shape, made of metal, Joseon period, used for religion and ritual, museum quality photograph, plain light-gray background, high detail"
fold0,PS0100100101100453000000,76,768,1024,"KORART, ancient Korean artifact, human-figure shape, made of metal, Joseon period, used for religion and ritual, museum quality photograph, plain light-gray background, high detail"
fold0,PS0100100101100332500000,77,515,669,"KORART, ancient Korean artifact, human-figure shape, made of ceramic, Goryeo period, used for food and dining, museum quality photograph, plain light-gray background, high detail"
fold0,PS0100100100500000700000,77,1024,769,"KORART, ancient Korean artifact, human-figure shape, made of ceramic, Goryeo period, used for food and dining, museum quality photograph, plain light-gray background, high detail"
fold0,PS0100100100500186200000,79,1024,768,"KORART, ancient Korean artifact, animal-shaped shape, made of wood, Joseon period, used for industry and livelihood, museum quality photograph, plain light-gray background, high detail"
fold0,PS0100100101101672100000,79,669,515,"KORART, ancient Korean artifact, animal-shaped shape, made of wood, Joseon period, used for industry and livelihood, museum quality photograph, plain light-gray background, high detail"
fold0,PS0100100101100960000000,81,1024,768,"KORART, ancient Korean artifact, animal-shaped shape, made of wood, Japanese colonial period, used for religion and ritual, museum quality photograph, plain light-gray background, high detail"
fold0,PS0100100101100959900000,81,1024,768,"KORART, ancient Korean artifact, animal-shaped shape, made of wood, Japanese colonial period, used for religion and ritual, museum quality photograph, plain light-gray background, high detail"
fold0,PS0100100101100670000000,82,515,669,"KORART, ancient Korean artifact, animal-shaped shape, made of earthenware clay, Gaya period, used for food and dining, museum quality photograph, plain light-gray background, high detail"
fold0,PS0100100101700116200000,82,1024,683,"KORART, ancient Korean artifact, animal-shaped shape, made of earthenware clay, Gaya period, used for food and dining, museum quality photograph, plain light-gray background, high detail"
fold0,PS0100100101101797600000,83,669,507,"KORART, ancient Korean artifact, animal-shaped shape, made of stone, Goryeo period, used for traditional science, museum quality photograph, plain light-gray background, high detail"
fold0,PS0100100100700663900000,84,1024,769,"KORART, ancient Korean artifact, animal-shaped shape, made of metal, Chinese period, used for social life, museum quality photograph, plain light-gray background, high detail"
fold0,PS0100100101700499700000,84,669,515,"KORART, ancient Korean artifact, animal-shaped shape, made of metal, Chinese period, used for social life, museum quality photograph, plain light-gray background, high detail"
fold0,PS0100100101101241100000,85,412,290,"KORART, ancient Korean artifact, animal-shaped shape, made of metal, Joseon period, used for household life, museum quality photograph, plain light-gray background, high detail"
fold0,PS0100100101101675000000,85,1024,683,"KORART, ancient Korean artifact, animal-shaped shape, made of metal, Joseon period, used for household life, museum quality photograph, plain light-gray background, high detail"
fold0,PS0100100101100433400000,85,669,515,"KORART, ancient Korean artifact, animal-shaped shape, made of metal, Joseon period, used for household life, museum quality photograph, plain light-gray background, high detail"
fold0,PS0100100100900197900000,85,1024,683,"KORART, ancient Korean artifact, animal-shaped shape, made of metal, Joseon period, used for household life, museum quality photograph, plain light-gray background, high detail"
fold0,PS0100100100500630900000,86,1024,683,"KORART, ancient Korean artifact, cylindrical shape, made of ceramic, Joseon period, used for religion and ritual, museum quality photograph, plain light-gray background, high detail"
fold0,PS0100100100500176400000,86,1024,769,"KORART, ancient Korean artifact, cylindrical shape, made of ceramic, Joseon period, used for religion and ritual, museum quality photograph, plain light-gray background, high detail"
fold0,PS0100100100500174800000,86,1024,768,"KORART, ancient Korean artifact, cylindrical shape, made of ceramic, Joseon period, used for religion and ritual, museum quality photograph, plain light-gray background, high detail"
fold0,PS0100100100500303800000,86,1024,739,"KORART, ancient Korean artifact, cylindrical shape, made of ceramic, Joseon period, used for religion and ritual, museum quality photograph, plain light-gray background, high detail"
fold0,PS0100100100500640000000,87,853,1024,"KORART, ancient Korean artifact, cylindrical shape, made of ceramic, Joseon period, used for household life, museum quality photograph, plain light-gray background, high detail"
fold0,PS0100100100600026200000,87,1024,769,"KORART, ancient Korean artifact, cylindrical shape, made of ceramic, Joseon period, used for household life, museum quality photograph, plain light-gray background, high detail"
fold0,PS0100100100600015800000,87,683,1024,"KORART, ancient Korean artifact, cylindrical shape, made of ceramic, Joseon period, used for household life, museum quality photograph, plain light-gray background, high detail"
fold0,PS0100100100500160900000,87,793,1024,"KORART, ancient Korean artifact, cylindrical shape, made of ceramic, Joseon period, used for household life, museum quality photograph, plain light-gray background, high detail"
fold0,PS0100100100101307600000,88,1024,769,"KORART, ancient Korean artifact, cylindrical shape, made of ceramic, Goryeo period, used for religion and ritual, museum quality photograph, plain light-gray background, high detail"
fold0,PS0100100100101307700000,88,1024,769,"KORART, ancient Korean artifact, cylindrical shape, made of ceramic, Goryeo period, used for religion and ritual, museum quality photograph, plain light-gray background, high detail"
fold0,PS0100100101100034100000,88,669,515,"KORART, ancient Korean artifact, cylindrical shape, made of ceramic, Goryeo period, used for religion and ritual, museum quality photograph, plain light-gray background, high detail"
fold0,PS0100100100101308000000,88,1024,769,"KORART, ancient Korean artifact, cylindrical shape, made of ceramic, Goryeo period, used for religion and ritual, museum quality photograph, plain light-gray background, high detail"
fold0,PS0100100100101307900000,89,1024,769,"KORART, ancient Korean artifact, cylindrical shape, made of ceramic, Goryeo period, used for food and dining, museum quality photograph, plain light-gray background, high detail"
fold0,PS0100100100500108200000,89,769,1024,"KORART, ancient Korean artifact, cylindrical shape, made of ceramic, Goryeo period, used for food and dining, museum quality photograph, plain light-gray background, high detail"
fold0,PS0100100100500589000000,89,731,1024,"KORART, ancient Korean artifact, cylindrical shape, made of ceramic, Goryeo period, used for food and dining, museum quality photograph, plain light-gray background, high detail"
fold0,PS0100100100100257200000,89,1024,683,"KORART, ancient Korean artifact, cylindrical shape, made of ceramic, Goryeo period, used for food and dining, museum quality photograph, plain light-gray background, high detail"
fold0,PS0100100100101307500000,90,1024,769,"KORART, ancient Korean artifact, cylindrical shape, made of metal, Goryeo period, used for food and dining, museum quality photograph, plain light-gray background, high detail"
fold0,PS0100100102400322500000,90,1024,683,"KORART, ancient Korean artifact, cylindrical shape, made of metal, Goryeo period, used for food and dining, museum quality photograph, plain light-gray background, high detail"
fold0,PS0100100102400330200000,90,1024,683,"KORART, ancient Korean artifact, cylindrical shape, made of metal, Goryeo period, used for food and dining, museum quality photograph, plain light-gray background, high detail"
fold0,PS0100100101100231900000,91,669,515,"KORART, ancient Korean artifact, cylindrical shape, made of metal, Silla period, used for religion and ritual, museum quality photograph, plain light-gray background, high detail"
fold0,PS0100100101100232000000,91,245,342,"KORART, ancient Korean artifact, cylindrical shape, made of metal, Silla period, used for religion and ritual, museum quality photograph, plain light-gray background, high detail"
fold0,PS0100100101700106500000,92,1024,683,"KORART, ancient Korean artifact, cylindrical shape, made of earthenware clay, Silla period, used for food and dining, museum quality photograph, plain light-gray background, high detail"
fold0,PS0100100101100508000000,92,1024,683,"KORART, ancient Korean artifact, cylindrical shape, made of earthenware clay, Silla period, used for food and dining, museum quality photograph, plain light-gray background, high detail"
fold0,PS0100100101101209600000,92,1024,683,"KORART, ancient Korean artifact, cylindrical shape, made of earthenware clay, Silla period, used for food and dining, museum quality photograph, plain light-gray background, high detail"
fold0,PS0100100102100226500000,92,1024,683,"KORART, ancient Korean artifact, cylindrical shape, made of earthenware clay, Silla period, used for food and dining, museum quality photograph, plain light-gray background, high detail"
fold0,PS0100100101100131800000,93,1024,768,"KORART, ancient Korean artifact, cylindrical shape, made of earthenware clay, Unified Silla period, used for social life, museum quality photograph, plain light-gray background, high detail"
fold0,PS0100100101100565500000,93,683,1024,"KORART, ancient Korean artifact, cylindrical shape, made of earthenware clay, Unified Silla period, used for social life, museum quality photograph, plain light-gray background, high detail"
fold0,PS0100100101100565400000,93,1024,683,"KORART, ancient Korean artifact, cylindrical shape, made of earthenware clay, Unified Silla period, used for social life, museum quality photograph, plain light-gray background, high detail"
fold0,PS0100100100900204600000,93,1024,683,"KORART, ancient Korean artifact, cylindrical shape, made of earthenware clay, Unified Silla period, used for social life, museum quality photograph, plain light-gray background, high detail"
fold0,PS0100100100300164500000,94,1024,768,"KORART, ancient Korean artifact, cylindrical shape, made of bone, horn or shell, Joseon period, used for household life, museum quality photograph, plain light-gray background, high detail"
fold0,PS0100100100300164300000,94,669,515,"KORART, ancient Korean artifact, cylindrical shape, made of bone, horn or shell, Joseon period, used for household life, museum quality photograph, plain light-gray background, high detail"
fold0,PS0100200100108389900000,94,683,1024,"KORART, ancient Korean artifact, cylindrical shape, made of bone, horn or shell, Joseon period, used for household life, museum quality photograph, plain light-gray background, high detail"
fold0,PS0100100100300239600000,95,683,1024,"KORART, ancient Korean artifact, cylindrical shape, made of wood, Joseon period, used for military use, museum quality photograph, plain light-gray background, high detail"
fold0,PS0100100101101238700000,95,411,289,"KORART, ancient Korean artifact, cylindrical shape, made of wood, Joseon period, used for military use, museum quality photograph, plain light-gray background, high detail"
fold0,PS0100100100300172800000,95,1024,683,"KORART, ancient Korean artifact, cylindrical shape, made of wood, Joseon period, used for military use, museum quality photograph, plain light-gray background, high detail"
fold0,PS0100100101100236200000,95,1024,768,"KORART, ancient Korean artifact, cylindrical shape, made of wood, Joseon period, used for military use, museum quality photograph, plain light-gray background, high detail"
fold0,PS0100100100100901000000,96,1024,683,"KORART, ancient Korean artifact, triangular shape, made of earthenware clay, Yayoi period, used for food and dining, museum quality photograph, plain light-gray background, high detail"
fold0,PS0100100100100900900000,96,1024,683,"KORART, ancient Korean artifact, triangular shape, made of earthenware clay, Yayoi period, used for food and dining, museum quality photograph, plain light-gray background, high detail"
fold0,PS0100100102102066600000,96,1024,683,"KORART, ancient Korean artifact, triangular shape, made of earthenware clay, Yayoi period, used for food and dining, museum quality photograph, plain light-gray background, high detail"
fold0,PS0100100102101790600000,96,1024,683,"KORART, ancient Korean artifact, triangular shape, made of earthenware clay, Yayoi period, used for food and dining, museum quality photograph, plain light-gray background, high detail"
fold0,PS0100100101100309700000,98,1024,769,"KORART, ancient Korean artifact, triangular shape, made of stone, Bronze Age period, used for military use, museum quality photograph, plain light-gray background, high detail"
fold0,PS0100100101100354100000,98,669,515,"KORART, ancient Korean artifact, triangular shape, made of stone, Bronze Age period, used for military use, museum quality photograph, plain light-gray background, high detail"
fold0,PS0100100102400342800000,98,683,1024,"KORART, ancient Korean artifact, triangular shape, made of stone, Bronze Age period, used for military use, museum quality photograph, plain light-gray background, high detail"
fold0,PS0100100101103377600000,98,1024,683,"KORART, ancient Korean artifact, triangular shape, made of stone, Bronze Age period, used for military use, museum quality photograph, plain light-gray background, high detail"
fold0,PS0100100101100379300000,99,682,1024,"KORART, ancient Korean artifact, rectangular shape, made of ceramic, Joseon period, used for social life, museum quality photograph, plain light-gray background, high detail"
fold0,PS0100100101700592500000,99,1024,788,"KORART, ancient Korean artifact, rectangular shape, made of ceramic, Joseon period, used for social life, museum quality photograph, plain light-gray background, high detail"
fold0,PS0100100101101360500000,99,1024,691,"KORART, ancient Korean artifact, rectangular shape, made of ceramic, Joseon period, used for social life, museum quality photograph, plain light-gray background, high detail"
fold0,PS0100100101700894800000,99,1024,683,"KORART, ancient Korean artifact, rectangular shape, made of ceramic, Joseon period, used for social life, museum quality photograph, plain light-gray background, high detail"
fold1,PS0100100100500306300000,1,683,1024,"KORART, ancient Korean artifact, geometric shape, made of ceramic, Goryeo period, used for social life, museum quality photograph, plain light-gray background, high detail"
fold1,PS0100100100500000800000,1,1024,683,"KORART, ancient Korean artifact, geometric shape, made of ceramic, Goryeo period, used for social life, museum quality photograph, plain light-gray background, high detail"
fold1,PS0100100100500050600000,1,1024,683,"KORART, ancient Korean artifact, geometric shape, made of ceramic, Goryeo period, used for social life, museum quality photograph, plain light-gray background, high detail"
fold1,PS0100100101101155600000,2,768,1024,"KORART, ancient Korean artifact, geometric shape, made of earthenware clay, Bronze Age period, used for food and dining, museum quality photograph, plain light-gray background, high detail"
fold1,PS0100100100100966300000,3,796,1024,"KORART, ancient Korean artifact, geometric shape, made of metal, Silla period, used for clothing and adornment, museum quality photograph, plain light-gray background, high detail"
fold1,PS0100100100101432100000,3,1024,683,"KORART, ancient Korean artifact, geometric shape, made of metal, Silla period, used for clothing and adornment, museum quality photograph, plain light-gray background, high detail"
fold1,PS0100100100101432000000,3,746,1024,"KORART, ancient Korean artifact, geometric shape, made of metal, Silla period, used for clothing and adornment, museum quality photograph, plain light-gray background, high detail"
fold1,PS0100100100100625500000,3,1024,857,"KORART, ancient Korean artifact, geometric shape, made of metal, Silla period, used for clothing and adornment, museum quality photograph, plain light-gray background, high detail"
fold1,PS0100100101105195100000,5,1024,768,"KORART, ancient Korean artifact, geometric shape, made of lacquer, Goryeo period, used for arts and culture, museum quality photograph, plain light-gray background, high detail"
fold1,PS0100100102102857000000,5,1024,683,"KORART, ancient Korean artifact, geometric shape, made of lacquer, Goryeo period, used for arts and culture, museum quality photograph, plain light-gray background, high detail"
fold1,PS0100100102102995300000,5,1024,683,"KORART, ancient Korean artifact, geometric shape, made of lacquer, Goryeo period, used for arts and culture, museum quality photograph, plain light-gray background, high detail"
fold1,PS0100100101600219800000,7,1024,827,"KORART, ancient Korean artifact, round shape, made of metal, Goryeo period, used for household life, museum quality photograph, plain light-gray background, high detail"
fold1,PS0100100100500028700000,7,1024,802,"KORART, ancient Korean artifact, round shape, made of metal, Goryeo period, used for household life, museum quality photograph, plain light-gray background, high detail"
fold1,PS0100100102400043300000,9,1024,683,"KORART, ancient Korean artifact, round shape, made of ceramic, Goryeo period, used for food and dining, museum quality photograph, plain light-gray background, high detail"
fold1,PS0100100100100234700000,9,1024,682,"KORART, ancient Korean artifact, round shape, made of ceramic, Goryeo period, used for food and dining, museum quality photograph, plain light-gray background, high detail"
fold1,PS0100100100101013000000,9,1024,683,"KORART, ancient Korean artifact, round shape, made of ceramic, Goryeo period, used for food and dining, museum quality photograph, plain light-gray background, high detail"
fold1,PS0100100100100490600000,9,1024,757,"KORART, ancient Korean artifact, round shape, made of ceramic, Goryeo period, used for food and dining, museum quality photograph, plain light-gray background, high detail"
fold1,PS0100100101100076700000,10,800,570,"KORART, ancient Korean artifact, round shape, made of glass or gemstone, Unified Silla period, used for clothing and adornment, museum quality photograph, plain light-gray background, high detail"
fold1,PS0100100101600997200000,11,1024,683,"KORART, ancient Korean artifact, round shape, made of wood, Joseon period, used for household life, museum quality photograph, plain light-gray background, high detail"
fold1,PS0100100100500278500000,11,1024,768,"KORART, ancient Korean artifact, round shape, made of wood, Joseon period, used for household life, museum quality photograph, plain light-gray background, high detail"
fold1,PS0100100100300238900000,11,1024,768,"KORART, ancient Korean artifact, round shape, made of wood, Joseon period, used for household life, museum quality photograph, plain light-gray background, high detail"
fold1,PS0100100100100425100000,12,1024,731,"KORART, ancient Korean artifact, round shape, made of metal, Goryeo period, used for traditional science, museum quality photograph, plain light-gray background, high detail"
fold1,PS0100100101104385300000,12,1024,683,"KORART, ancient Korean artifact, round shape, made of metal, Goryeo period, used for traditional science, museum quality photograph, plain light-gray background, high detail"
fold1,PS0100100100900193100000,12,1024,683,"KORART, ancient Korean artifact, round shape, made of metal, Goryeo period, used for traditional science, museum quality photograph, plain light-gray background, high detail"
fold1,PS0100100100100037100000,13,768,1024,"KORART, ancient Korean artifact, human-figure shape, made of metal, Goryeo period, used for religion and ritual, museum quality photograph, plain light-gray background, high detail"
fold1,PS0100100100500211600000,13,683,1024,"KORART, ancient Korean artifact, human-figure shape, made of metal, Goryeo period, used for religion and ritual, museum quality photograph, plain light-gray background, high detail"
fold1,PS0100100100500007100000,13,683,1024,"KORART, ancient Korean artifact, human-figure shape, made of metal, Goryeo period, used for religion and ritual, museum quality photograph, plain light-gray background, high detail"
fold1,PS0100100100500274600000,14,683,1024,"KORART, ancient Korean artifact, human-figure shape, made of stone, Unified Silla period, used for religion and ritual, museum quality photograph, plain light-gray background, high detail"
fold1,PS0100100100100195800000,14,853,1024,"KORART, ancient Korean artifact, human-figure shape, made of stone, Unified Silla period, used for religion and ritual, museum quality photograph, plain light-gray background, high detail"
fold1,PS0100100100100195900000,14,683,1024,"KORART, ancient Korean artifact, human-figure shape, made of stone, Unified Silla period, used for religion and ritual, museum quality photograph, plain light-gray background, high detail"
fold1,PS0100100100100195700000,14,683,1024,"KORART, ancient Korean artifact, human-figure shape, made of stone, Unified Silla period, used for religion and ritual, museum quality photograph, plain light-gray background, high detail"
fold1,PS0100100101101512700000,15,283,400,"KORART, ancient Korean artifact, human-figure shape, made of wood, Joseon period, used for religion and ritual, museum quality photograph, plain light-gray background, high detail"
fold1,PS0100100100500183100000,15,683,1024,"KORART, ancient Korean artifact, human-figure shape, made of wood, Joseon period, used for religion and ritual, museum quality photograph, plain light-gray background, high detail"
fold1,PS0100100102400429600000,15,768,1024,"KORART, ancient Korean artifact, human-figure shape, made of wood, Joseon period, used for religion and ritual, museum quality photograph, plain light-gray background, high detail"
fold1,PS0100100100101475200000,16,768,1024,"KORART, ancient Korean artifact, human-figure shape, made of metal, Unified Silla period, used for religion and ritual, museum quality photograph, plain light-gray background, high detail"
fold1,PS0100100100100519100000,16,768,1024,"KORART, ancient Korean artifact, human-figure shape, made of metal, Unified Silla period, used for religion and ritual, museum quality photograph, plain light-gray background, high detail"
fold1,PS0100100100101285300000,16,683,1024,"KORART, ancient Korean artifact, human-figure shape, made of metal, Unified Silla period, used for religion and ritual, museum quality photograph, plain light-gray background, high detail"
fold1,PS0100100100101475300000,16,768,1024,"KORART, ancient Korean artifact, human-figure shape, made of metal, Unified Silla period, used for religion and ritual, museum quality photograph, plain light-gray background, high detail"
fold1,PS0100100101100329800000,17,515,668,"KORART, ancient Korean artifact, human-figure shape, made of metal, Baekje period, used for religion and ritual, museum quality photograph, plain light-gray background, high detail"
fold1,PS0100100101100329900000,17,515,668,"KORART, ancient Korean artifact, human-figure shape, made of metal, Baekje period, used for religion and ritual, museum quality photograph, plain light-gray background, high detail"
fold1,PS0100100101200033500002,17,768,1024,"KORART, ancient Korean artifact, human-figure shape, made of metal, Baekje period, used for religion and ritual, museum quality photograph, plain light-gray background, high detail"
fold1,PS0100100101101866000000,18,669,515,"KORART, ancient Korean artifact, rectangular shape, made of ceramic, Goryeo period, used for household life, museum quality photograph, plain light-gray background, high detail"
fold1,PS0100100100100425700000,18,1024,731,"KORART, ancient Korean artifact, rectangular shape, made of ceramic, Goryeo period, used for household life, museum quality photograph, plain light-gray background, high detail"
fold1,PS0100100100500228600000,19,942,1024,"KORART, ancient Korean artifact, rectangular shape, made of textile, Joseon period, used for religion and ritual, museum quality photograph, plain light-gray background, high detail"
fold1,PS0100100101600935600000,19,1024,683,"KORART, ancient Korean artifact, rectangular shape, made of textile, Joseon period, used for religion and ritual, museum quality photograph, plain light-gray background, high detail"
fold1,PS0100100101100274300000,19,768,1024,"KORART, ancient Korean artifact, rectangular shape, made of textile, Joseon period, used for religion and ritual, museum quality photograph, plain light-gray background, high detail"
fold1,PS0100100101600858900000,19,1024,698,"KORART, ancient Korean artifact, rectangular shape, made of textile, Joseon period, used for religion and ritual, museum quality photograph, plain light-gray background, high detail"
fold1,PS0100100101101146700000,20,328,178,"KORART, ancient Korean artifact, rectangular shape, made of textile, Joseon period, used for clothing and adornment, museum quality photograph, plain light-gray background, high detail"
fold1,PS0100100101601047800000,20,683,1024,"KORART, ancient Korean artifact, rectangular shape, made of textile, Joseon period, used for clothing and adornment, museum quality photograph, plain light-gray background, high detail"
fold1,PS0100100101700653700000,20,682,1024,"KORART, ancient Korean artifact, rectangular shape, made of textile, Joseon period, used for clothing and adornment, museum quality photograph, plain light-gray background, high detail"
fold1,PS0100100101600498800000,21,1024,180,"KORART, ancient Korean artifact, rectangular shape, made of paper, Joseon period, used for household life, museum quality photograph, plain light-gray background, high detail"
fold1,PS0100100101600855900000,21,1024,572,"KORART, ancient Korean artifact, rectangular shape, made of paper, Joseon period, used for household life, museum quality photograph, plain light-gray background, high detail"
fold1,PS0100100101700665600000,21,1024,682,"KORART, ancient Korean artifact, rectangular shape, made of paper, Joseon period, used for household life, museum quality photograph, plain light-gray background, high detail"
fold1,PS0100100101600264700000,23,669,515,"KORART, ancient Korean artifact, rectangular shape, made of paper, Joseon period, used for social life, museum quality photograph, plain light-gray background, high detail"
fold1,PS0100100101200011100000,23,750,1024,"KORART, ancient Korean artifact, rectangular shape, made of paper, Joseon period, used for social life, museum quality photograph, plain light-gray background, high detail"
fold1,PS0100100101700630700000,23,1024,683,"KORART, ancient Korean artifact, rectangular shape, made of paper, Joseon period, used for social life, museum quality photograph, plain light-gray background, high detail"
fold1,PS0100100101700938100000,23,1024,683,"KORART, ancient Korean artifact, rectangular shape, made of paper, Joseon period, used for social life, museum quality photograph, plain light-gray background, high detail"
fold1,PS0100100100900360700000,24,683,1024,"KORART, ancient Korean artifact, rectangular shape, made of paper, Joseon period, used for traditional science, museum quality photograph, plain light-gray background, high detail"
fold1,PS0100100101100050400000,24,717,1024,"KORART, ancient Korean artifact, rectangular shape, made of paper, Joseon period, used for traditional science, museum quality photograph, plain light-gray background, high detail"
fold1,PS0100100101101665300000,24,850,1024,"KORART, ancient Korean artifact, rectangular shape, made of paper, Joseon period, used for traditional science, museum quality photograph, plain light-gray background, high detail"
fold1,PS0100100101600968900000,24,1024,834,"KORART, ancient Korean artifact, rectangular shape, made of paper, Joseon period, used for traditional science, museum quality photograph, plain light-gray background, high detail"
fold1,PS0100100102002952100000,25,1024,782,"KORART, ancient Korean artifact, rectangular shape, made of glass or gemstone, Japanese colonial period, used for records and media, museum quality photograph, plain light-gray background, high detail"
fold1,PS0100100102001666100000,25,1024,853,"KORART, ancient Korean artifact, rectangular shape, made of glass or gemstone, Japanese colonial period, used for records and media, museum quality photograph, plain light-gray background, high detail"
fold1,PS0100100102001652400000,25,864,1024,"KORART, ancient Korean artifact, rectangular shape, made of glass or gemstone, Japanese colonial period, used for records and media, museum quality photograph, plain light-gray background, high detail"
fold1,PS0100100102003050100000,25,1024,763,"KORART, ancient Korean artifact, rectangular shape, made of glass or gemstone, Japanese colonial period, used for records and media, museum quality photograph, plain light-gray background, high detail"
fold1,PS0100100100500418200000,27,1024,683,"KORART, ancient Korean artifact, rectangular shape, made of bone, horn or shell, Joseon period, used for household life, museum quality photograph, plain light-gray background, high detail"
fold1,PS0100100100500128600000,27,1024,618,"KORART, ancient Korean artifact, rectangular shape, made of bone, horn or shell, Joseon period, used for household life, museum quality photograph, plain light-gray background, high detail"
fold1,PS0100100100500281500000,27,1024,740,"KORART, ancient Korean artifact, rectangular shape, made of bone, horn or shell, Joseon period, used for household life, museum quality photograph, plain light-gray background, high detail"
fold1,PS0100100101101428300000,28,1024,683,"KORART, ancient Korean artifact, rectangular shape, made of stone, Japanese colonial period, used for traditional science, museum quality photograph, plain light-gray background, high detail"
fold1,PS0100100101101428500000,28,683,1024,"KORART, ancient Korean artifact, rectangular shape, made of stone, Japanese colonial period, used for traditional science, museum quality photograph, plain light-gray background, high detail"
fold1,PS0100100101101431100000,28,1024,756,"KORART, ancient Korean artifact, rectangular shape, made of stone, Japanese colonial period, used for traditional science, museum quality photograph, plain light-gray background, high detail"
fold1,PS0100100100100405600000,29,826,1024,"KORART, ancient Korean artifact, rectangular shape, made of earthenware clay, Joseon period, used for arts and culture, museum quality photograph, plain light-gray background, high detail"
fold1,PS0100100100100404700000,29,768,1024,"KORART, ancient Korean artifact, rectangular shape, made of earthenware clay, Joseon period, used for arts and culture, museum quality photograph, plain light-gray background, high detail"
fold1,PS0100100100100406100000,29,1024,741,"KORART, ancient Korean artifact, rectangular shape, made of earthenware clay, Joseon period, used for arts and culture, museum quality photograph, plain light-gray background, high detail"
fold1,PS0100100100100336400000,30,1024,723,"KORART, ancient Korean artifact, rectangular shape, made of metal, Joseon period, used for traditional science, museum quality photograph, plain light-gray background, high detail"
fold1,PS0100100100100339300000,30,1024,769,"KORART, ancient Korean artifact, rectangular shape, made of metal, Joseon period, used for traditional science, museum quality photograph, plain light-gray background, high detail"
fold1,PS0100100100100336900000,30,1024,742,"KORART, ancient Korean artifact, rectangular shape, made of metal, Joseon period, used for traditional science, museum quality photograph, plain light-gray background, high detail"
fold1,PS0100100100100338500000,30,1024,768,"KORART, ancient Korean artifact, rectangular shape, made of metal, Joseon period, used for traditional science, museum quality photograph, plain light-gray background, high detail"
fold1,PS0100100100100970500000,31,1024,821,"KORART, ancient Korean artifact, animal-shaped shape, made of earthenware clay, Silla period, used for social life, museum quality photograph, plain light-gray background, high detail"
fold1,PS0100100100100659100000,33,1024,683,"KORART, ancient Korean artifact, animal-shaped shape, made of glass or gemstone, Nangnang period, used for social life, museum quality photograph, plain light-gray background, high detail"
fold1,PS0100100102400062200000,35,1024,683,"KORART, ancient Korean artifact, cylindrical shape, made of ceramic, Goryeo period, used for household life, museum quality photograph, plain light-gray background, high detail"
fold1,PS0100100100900126200000,35,1024,683,"KORART, ancient Korean artifact, cylindrical shape, made of ceramic, Goryeo period, used for household life, museum quality photograph, plain light-gray background, high detail"
fold1,PS0100100100100425500000,35,1024,683,"KORART, ancient Korean artifact, cylindrical shape, made of ceramic, Goryeo period, used for household life, museum quality photograph, plain light-gray background, high detail"
fold1,PS0100100100500142600000,36,1024,683,"KORART, ancient Korean artifact, cylindrical shape, made of ceramic, Joseon period, used for food and dining, museum quality photograph, plain light-gray background, high detail"
fold1,PS0100100101700692600000,36,1024,682,"KORART, ancient Korean artifact, cylindrical shape, made of ceramic, Joseon period, used for food and dining, museum quality photograph, plain light-gray background, high detail"
fold1,PS0100100100101125800000,36,1024,769,"KORART, ancient Korean artifact, cylindrical shape, made of ceramic, Joseon period, used for food and dining, museum quality photograph, plain light-gray background, high detail"
fold1,PS0100100100500081900000,36,1024,683,"KORART, ancient Korean artifact, cylindrical shape, made of ceramic, Joseon period, used for food and dining, museum quality photograph, plain light-gray background, high detail"
fold1,PS0100100101102898400000,38,767,1024,"KORART, ancient Korean artifact, triangular shape, made of metal, Goguryeo period, used for military use, museum quality photograph, plain light-gray background, high detail"
fold1,PS0100100101103140500000,38,1024,683,"KORART, ancient Korean artifact, triangular shape, made of metal, Goguryeo period, used for military use, museum quality photograph, plain light-gray background, high detail"
fold1,PS0100100101103138800000,38,1024,683,"KORART, ancient Korean artifact, triangular shape, made of metal, Goguryeo period, used for military use, museum quality photograph, plain light-gray background, high detail"
fold1,PS0100100102100101300000,38,774,515,"KORART, ancient Korean artifact, triangular shape, made of metal, Goguryeo period, used for military use, museum quality photograph, plain light-gray background, high detail"
fold1,PS0100100101102289100000,39,769,1024,"KORART, ancient Korean artifact, triangular shape, made of earthenware clay, Neolithic period, used for food and dining, museum quality photograph, plain light-gray background, high detail"
fold1,PS0100100101102271900000,39,1024,683,"KORART, ancient Korean artifact, triangular shape, made of earthenware clay, Neolithic period, used for food and dining, museum quality photograph, plain light-gray background, high detail"
fold1,PS0100100101102206200000,39,851,1024,"KORART, ancient Korean artifact, triangular shape, made of earthenware clay, Neolithic period, used for food and dining, museum quality photograph, plain light-gray background, high detail"
fold1,PS0100100100101388300000,40,1024,768,"KORART, ancient Korean artifact, triangular shape, made of stone, Bronze Age period, used for industry and livelihood, museum quality photograph, plain light-gray background, high detail"
fold1,PS0100101100100000100000,40,697,1024,"KORART, ancient Korean artifact, triangular shape, made of stone, Bronze Age period, used for industry and livelihood, museum quality photograph, plain light-gray background, high detail"
fold1,PS0100100102101713900000,40,1024,683,"KORART, ancient Korean artifact, triangular shape, made of stone, Bronze Age period, used for industry and livelihood, museum quality photograph, plain light-gray background, high detail"
fold1,PS0100100102400000500000,41,768,1024,"KORART, ancient Korean artifact, geometric shape, made of metal, Early Iron Age period, used for military use, museum quality photograph, plain light-gray background, high detail"
fold1,PS0100100102400312100000,41,683,1024,"KORART, ancient Korean artifact, geometric shape, made of metal, Early Iron Age period, used for military use, museum quality photograph, plain light-gray background, high detail"
fold1,PS0100100102400311900000,41,683,1024,"KORART, ancient Korean artifact, geometric shape, made of metal, Early Iron Age period, used for military use, museum quality photograph, plain light-gray background, high detail"
fold1,PS0100100102400310500000,41,1024,683,"KORART, ancient Korean artifact, geometric shape, made of metal, Early Iron Age period, used for military use, museum quality photograph, plain light-gray background, high detail"
fold1,PS0100100101700726000000,42,1024,769,"KORART, ancient Korean artifact, geometric shape, made of metal, Goryeo period, used for food and dining, museum quality photograph, plain light-gray background, high detail"
fold1,PS0100100101100218500000,42,801,1024,"KORART, ancient Korean artifact, geometric shape, made of metal, Goryeo period, used for food and dining, museum quality photograph, plain light-gray background, high detail"
fold1,PS0100100101100188500000,42,1024,769,"KORART, ancient Korean artifact, geometric shape, made of metal, Goryeo period, used for food and dining, museum quality photograph, plain light-gray background, high detail"
fold1,PS0100100100500013000000,42,1024,769,"KORART, ancient Korean artifact, geometric shape, made of metal, Goryeo period, used for food and dining, museum quality photograph, plain light-gray background, high detail"
fold1,PS0100100101101097200000,43,1024,768,"KORART, ancient Korean artifact, geometric shape, made of metal, Joseon period, used for traditional science, museum quality photograph, plain light-gray background, high detail"
fold1,PS0100100101100843400000,43,1024,768,"KORART, ancient Korean artifact, geometric shape, made of metal, Joseon period, used for traditional science, museum quality photograph, plain light-gray background, high detail"
fold1,PS0100100101500010600000,44,1024,731,"KORART, ancient Korean artifact, geometric shape, made of metal, modern period, used for arts and culture, museum quality photograph, plain light-gray background, high detail"
fold1,PS0100100101500021600000,44,1024,731,"KORART, ancient Korean artifact, geometric shape, made of metal, modern period, used for arts and culture, museum quality photograph, plain light-gray background, high detail"
fold1,PS0100100101500002000000,44,1024,802,"KORART, ancient Korean artifact, geometric shape, made of metal, modern period, used for arts and culture, museum quality photograph, plain light-gray background, high detail"
fold1,PS0100101400000000100000,45,1024,683,"KORART, ancient Korean artifact, geometric shape, made of metal, Baekje period, used for household life, museum quality photograph, plain light-gray background, high detail"
fold1,PS0100100400700006500000,45,1024,683,"KORART, ancient Korean artifact, geometric shape, made of metal, Baekje period, used for household life, museum quality photograph, plain light-gray background, high detail"
fold1,PS0100100300100460700000,45,669,515,"KORART, ancient Korean artifact, geometric shape, made of metal, Baekje period, used for household life, museum quality photograph, plain light-gray background, high detail"
fold1,PS0100100400101677800000,45,1024,683,"KORART, ancient Korean artifact, geometric shape, made of metal, Baekje period, used for household life, museum quality photograph, plain light-gray background, high detail"
fold1,PS0100100101700819500000,46,1024,683,"KORART, ancient Korean artifact, geometric shape, made of wood, Joseon period, used for traditional science, museum quality photograph, plain light-gray background, high detail"
fold1,PS0100100101100958200000,46,669,515,"KORART, ancient Korean artifact, geometric shape, made of wood, Joseon period, used for traditional science, museum quality photograph, plain light-gray background, high detail"
fold1,PS0100100100300173200000,46,1024,818,"KORART, ancient Korean artifact, geometric shape, made of wood, Joseon period, used for traditional science, museum quality photograph, plain light-gray background, high detail"
fold1,PS0100100101601003500000,46,1024,768,"KORART, ancient Korean artifact, geometric shape, made of wood, Joseon period, used for traditional science, museum quality photograph, plain light-gray background, high detail"
fold1,PS0100100101101572800000,47,669,515,"KORART, ancient Korean artifact, geometric shape, made of wood, Joseon period, used for religion and ritual, museum quality photograph, plain light-gray background, high detail"
fold1,PS0100100102400430200000,47,862,1024,"KORART, ancient Korean artifact, geometric shape, made of wood, Joseon period, used for religion and ritual, museum quality photograph, plain light-gray background, high detail"
fold1,PS0100100101101530600000,47,768,1024,"KORART, ancient Korean artifact, geometric shape, made of wood, Joseon period, used for religion and ritual, museum quality photograph, plain light-gray background, high detail"
fold1,PS0100100101101531100000,47,768,1024,"KORART, ancient Korean artifact, geometric shape, made of wood, Joseon period, used for religion and ritual, museum quality photograph, plain light-gray background, high detail"
fold1,PS0100100400700002100000,48,1024,683,"KORART, ancient Korean artifact, geometric shape, made of wood, Baekje period, used for social life, museum quality photograph, plain light-gray background, high detail"
fold1,PS0100100400700006100000,48,1024,683,"KORART, ancient Korean artifact, geometric shape, made of wood, Baekje period, used for social life, museum quality photograph, plain light-gray background, high detail"
fold1,PS0100100400700006200000,48,1024,683,"KORART, ancient Korean artifact, geometric shape, made of wood, Baekje period, used for social life, museum quality photograph, plain light-gray background, high detail"
fold1,PS0100100400700010400000,48,1024,683,"KORART, ancient Korean artifact, geometric shape, made of wood, Baekje period, used for social life, museum quality photograph, plain light-gray background, high detail"
fold1,PS0100100100600000900000,49,1024,769,"KORART, ancient Korean artifact, geometric shape, made of ceramic, Joseon period, used for traditional science, museum quality photograph, plain light-gray background, high detail"
fold1,PS0100100100900067100000,49,1024,683,"KORART, ancient Korean artifact, geometric shape, made of ceramic, Joseon period, used for traditional science, museum quality photograph, plain light-gray background, high detail"
fold1,PS0100100100101094200000,49,1024,683,"KORART, ancient Korean artifact, geometric shape, made of ceramic, Joseon period, used for traditional science, museum quality photograph, plain light-gray background, high detail"
fold1,PS0100100100900034400000,50,683,1024,"KORART, ancient Korean artifact, geometric shape, made of ceramic, Joseon period, used for household life, museum quality photograph, plain light-gray background, high detail"
fold1,PS0100100101100415000000,50,669,515,"KORART, ancient Korean artifact, geometric shape, made of ceramic, Joseon period, used for household life, museum quality photograph, plain light-gray background, high detail"
fold1,PS0100100100100247200000,50,1024,769,"KORART, ancient Korean artifact, geometric shape, made of ceramic, Joseon period, used for household life, museum quality photograph, plain light-gray background, high detail"
fold1,PS0100100101100095500000,50,1024,768,"KORART, ancient Korean artifact, geometric shape, made of ceramic, Joseon period, used for household life, museum quality photograph, plain light-gray background, high detail"
fold1,PS0100100101600442600000,51,1024,682,"KORART, ancient Korean artifact, geometric shape, made of ceramic, Qing period, used for food and dining, museum quality photograph, plain light-gray background, high detail"
fold1,PS0100100101600334500000,51,764,1024,"KORART, ancient Korean artifact, geometric shape, made of ceramic, Qing period, used for food and dining, museum quality photograph, plain light-gray background, high detail"
fold1,PS0100100101600426500000,51,682,1024,"KORART, ancient Korean artifact, geometric shape, made of ceramic, Qing period, used for food and dining, museum quality photograph, plain light-gray background, high detail"
fold1,PS0100100102400294800000,51,731,1024,"KORART, ancient Korean artifact, geometric shape, made of ceramic, Qing period, used for food and dining, museum quality photograph, plain light-gray background, high detail"
fold1,PS0100100101600284800000,52,817,1024,"KORART, ancient Korean artifact, geometric shape, made of ceramic, Yuan period, used for food and dining, museum quality photograph, plain light-gray background, high detail"
fold1,PS0100100100701382100000,52,769,1024,"KORART, ancient Korean artifact, geometric shape, made of ceramic, Yuan period, used for food and dining, museum quality photograph, plain light-gray background, high detail"
fold1,PS0100100100700667600000,52,769,1024,"KORART, ancient Korean artifact, geometric shape, made of ceramic, Yuan period, used for food and dining, museum quality photograph, plain light-gray background, high detail"
fold1,PS0100100100700669500000,52,768,1024,"KORART, ancient Korean artifact, geometric shape, made of ceramic, Yuan period, used for food and dining, museum quality photograph, plain light-gray background, high detail"
fold1,PS0100100101102288700000,54,1024,811,"KORART, ancient Korean artifact, geometric shape, made of stone, Neolithic period, used for industry and livelihood, museum quality photograph, plain light-gray background, high detail"
fold1,PS0100100101102290900000,54,1024,769,"KORART, ancient Korean artifact, geometric shape, made of stone, Neolithic period, used for industry and livelihood, museum quality photograph, plain light-gray background, high detail"
fold1,PS0100100102101335700000,54,1024,683,"KORART, ancient Korean artifact, geometric shape, made of stone, Neolithic period, used for industry and livelihood, museum quality photograph, plain light-gray background, high detail"
fold1,PS0100100101103931800000,54,1024,683,"KORART, ancient Korean artifact, geometric shape, made of stone, Neolithic period, used for industry and livelihood, museum quality photograph, plain light-gray background, high detail"
fold1,PS0100100101100055000000,55,784,1024,"KORART, ancient Korean artifact, geometric shape, made of stone, Unified Silla period, used for religion and ritual, museum quality photograph, plain light-gray background, high detail"
fold1,PS0100100101300096700000,55,980,669,"KORART, ancient Korean artifact, geometric shape, made of stone, Unified Silla period, used for religion and ritual, museum quality photograph, plain light-gray background, high detail"
fold1,PS0100100101100054900000,55,1024,867,"KORART, ancient Korean artifact, geometric shape, made of stone, Unified Silla period, used for religion and ritual, museum quality photograph, plain light-gray background, high detail"
fold1,PS0100100102100228900000,55,1024,683,"KORART, ancient Korean artifact, geometric shape, made of stone, Unified Silla period, used for religion and ritual, museum quality photograph, plain light-gray background, high detail"
fold1,PS0100100100100383000000,56,1024,683,"KORART, ancient Korean artifact, geometric shape, made of earthenware clay, Chinese period, used for food and dining, museum quality photograph, plain light-gray background, high detail"
fold1,PS0100100101100080500000,56,1024,683,"KORART, ancient Korean artifact, geometric shape, made of earthenware clay, Chinese period, used for food and dining, museum quality photograph, plain light-gray background, high detail"
fold1,PS0100100102100735000000,56,1024,683,"KORART, ancient Korean artifact, geometric shape, made of earthenware clay, Chinese period, used for food and dining, museum quality photograph, plain light-gray background, high detail"
fold1,PS0100100102100735300000,56,1024,683,"KORART, ancient Korean artifact, geometric shape, made of earthenware clay, Chinese period, used for food and dining, museum quality photograph, plain light-gray background, high detail"
fold1,PS0100100100500265200000,57,669,515,"KORART, ancient Korean artifact, geometric shape, made of earthenware clay, Silla period, used for food and dining, museum quality photograph, plain light-gray background, high detail"
fold1,PS0100100101700358200000,57,1024,683,"KORART, ancient Korean artifact, geometric shape, made of earthenware clay, Silla period, used for food and dining, museum quality photograph, plain light-gray background, high detail"
fold1,PS0100100101100117500000,58,1024,683,"KORART, ancient Korean artifact, geometric shape, made of earthenware clay, Joseon period, used for traditional science, museum quality photograph, plain light-gray background, high detail"
fold1,PS0100100100100644600000,58,1024,683,"KORART, ancient Korean artifact, geometric shape, made of earthenware clay, Joseon period, used for traditional science, museum quality photograph, plain light-gray background, high detail"
fold1,PS0100100101101251500000,58,1024,683,"KORART, ancient Korean artifact, geometric shape, made of earthenware clay, Joseon period, used for traditional science, museum quality photograph, plain light-gray background, high detail"
fold1,PS0100401000100045000000,58,1024,768,"KORART, ancient Korean artifact, geometric shape, made of earthenware clay, Joseon period, used for traditional science, museum quality photograph, plain light-gray background, high detail"
fold1,PS0100100101700023300000,59,1024,683,"KORART, ancient Korean artifact, geometric shape, made of earthenware clay, Joseon period, used for household life, museum quality photograph, plain light-gray background, high detail"
fold1,PS0100100101700112300000,59,1024,683,"KORART, ancient Korean artifact, geometric shape, made of earthenware clay, Joseon period, used for household life, museum quality photograph, plain light-gray background, high detail"
fold1,PS0100100101700236600000,59,1024,683,"KORART, ancient Korean artifact, geometric shape, made of earthenware clay, Joseon period, used for household life, museum quality photograph, plain light-gray background, high detail"
fold1,PS0100100102102268300000,59,1024,683,"KORART, ancient Korean artifact, geometric shape, made of earthenware clay, Joseon period, used for household life, museum quality photograph, plain light-gray background, high detail"
fold1,PS0100100100300074700000,61,1024,769,"KORART, ancient Korean artifact, round shape, made of metal, Joseon period, used for social life, museum quality photograph, plain light-gray background, high detail"
fold1,PS0100100101104148300000,61,1024,683,"KORART, ancient Korean artifact, round shape, made of metal, Joseon period, used for social life, museum quality photograph, plain light-gray background, high detail"
fold1,PS0100100101101680800000,62,1024,683,"KORART, ancient Korean artifact, round shape, made of metal, Korean Empire period, used for social life, museum quality photograph, plain light-gray background, high detail"
fold1,PS0100100101101787200000,62,764,1024,"KORART, ancient Korean artifact, round shape, made of metal, Korean Empire period, used for social life, museum quality photograph, plain light-gray background, high detail"
fold1,PS0100100101101787000000,62,781,1024,"KORART, ancient Korean artifact, round shape, made of metal, Korean Empire period, used for social life, museum quality photograph, plain light-gray background, high detail"
fold1,PS0100101200108555800000,62,1024,683,"KORART, ancient Korean artifact, round shape, made of metal, Korean Empire period, used for social life, museum quality photograph, plain light-gray background, high detail"
fold1,PS0100100101700130000000,64,1024,682,"KORART, ancient Korean artifact, round shape, made of earthenware clay, Baekje period, used for food and dining, museum quality photograph, plain light-gray background, high detail"
fold1,PS0100100101104881500000,64,1024,683,"KORART, ancient Korean artifact, round shape, made of earthenware clay, Baekje period, used for food and dining, museum quality photograph, plain light-gray background, high detail"
fold1,PS0100100101104883500000,64,1024,683,"KORART, ancient Korean artifact, round shape, made of earthenware clay, Baekje period, used for food and dining, museum quality photograph, plain light-gray background, high detail"
fold1,PS0100100100100903200000,65,1024,678,"KORART, ancient Korean artifact, round shape, made of earthenware clay, Kofun period, used for food and dining, museum quality photograph, plain light-gray background, high detail"
fold1,PS0100100100100903000000,65,1024,683,"KORART, ancient Korean artifact, round shape, made of earthenware clay, Kofun period, used for food and dining, museum quality photograph, plain light-gray background, high detail"
fold1,PS0100100100100897900000,65,1024,683,"KORART, ancient Korean artifact, round shape, made of earthenware clay, Kofun period, used for food and dining, museum quality photograph, plain light-gray background, high detail"
fold1,PS0100100101300046800000,66,1024,768,"KORART, ancient Korean artifact, round shape, made of stone, Bronze Age period, used for industry and livelihood, museum quality photograph, plain light-gray background, high detail"
fold1,PS0100100101105110800000,66,1024,683,"KORART, ancient Korean artifact, round shape, made of stone, Bronze Age period, used for industry and livelihood, museum quality photograph, plain light-gray background, high detail"
fold1,PS0100100101105110700000,66,1024,682,"KORART, ancient Korean artifact, round shape, made of stone, Bronze Age period, used for industry and livelihood, museum quality photograph, plain light-gray background, high detail"
fold1,PS0100100102102077000000,66,1024,683,"KORART, ancient Korean artifact, round shape, made of stone, Bronze Age period, used for industry and livelihood, museum quality photograph, plain light-gray background, high detail"
fold1,PS0100100100500133200000,67,768,1024,"KORART, ancient Korean artifact, round shape, made of glass or gemstone, Goryeo period, used for food and dining, museum quality photograph, plain light-gray background, high detail"
fold1,PS0100100100500544300000,67,669,515,"KORART, ancient Korean artifact, round shape, made of glass or gemstone, Goryeo period, used for food and dining, museum quality photograph, plain light-gray background, high detail"
fold1,PS0100100100500506100000,67,669,516,"KORART, ancient Korean artifact, round shape, made of glass or gemstone, Goryeo period, used for food and dining, museum quality photograph, plain light-gray background, high detail"
fold1,PS0100100100500132100000,67,669,515,"KORART, ancient Korean artifact, round shape, made of glass or gemstone, Goryeo period, used for food and dining, museum quality photograph, plain light-gray background, high detail"
fold1,PS0100100100100658600000,68,1024,683,"KORART, ancient Korean artifact, round shape, made of glass or gemstone, Song period, used for social life, museum quality photograph, plain light-gray background, high detail"
fold1,PS0100100100100660400000,68,1024,769,"KORART, ancient Korean artifact, round shape, made of glass or gemstone, Song period, used for social life, museum quality photograph, plain light-gray background, high detail"
fold1,PS0100100101100049800000,69,1024,768,"KORART, ancient Korean artifact, round shape, made of bone, horn or shell, Joseon period, used for household life, museum quality photograph, plain light-gray background, high detail"
fold1,PS0100100100300155100000,69,1024,768,"KORART, ancient Korean artifact, round shape, made of bone, horn or shell, Joseon period, used for household life, museum quality photograph, plain light-gray background, high detail"
fold1,PS0100100100500129800000,69,1024,768,"KORART, ancient Korean artifact, round shape, made of bone, horn or shell, Joseon period, used for household life, museum quality photograph, plain light-gray background, high detail"
fold1,PS0100100101100060400000,69,1024,768,"KORART, ancient Korean artifact, round shape, made of bone, horn or shell, Joseon period, used for household life, museum quality photograph, plain light-gray background, high detail"
fold1,PS0100100101100961800000,70,1024,768,"KORART, ancient Korean artifact, human-figure shape, made of wood, Japanese colonial period, used for religion and ritual, museum quality photograph, plain light-gray background, high detail"
fold1,PS0100100101100961600000,70,768,1024,"KORART, ancient Korean artifact, human-figure shape, made of wood, Japanese colonial period, used for religion and ritual, museum quality photograph, plain light-gray background, high detail"
fold1,PS0100100101100961400000,70,769,1024,"KORART, ancient Korean artifact, human-figure shape, made of wood, Japanese colonial period, used for religion and ritual, museum quality photograph, plain light-gray background, high detail"
fold1,PS0100100101100961300000,70,515,669,"KORART, ancient Korean artifact, human-figure shape, made of wood, Japanese colonial period, used for religion and ritual, museum quality photograph, plain light-gray background, high detail"
fold1,PS0100100100500554700000,71,659,1024,"KORART, ancient Korean artifact, human-figure shape, made of wood, Goryeo period, used for religion and ritual, museum quality photograph, plain light-gray background, high detail"
fold1,PS0100100100500225300000,71,683,1024,"KORART, ancient Korean artifact, human-figure shape, made of wood, Goryeo period, used for religion and ritual, museum quality photograph, plain light-gray background, high detail"
fold1,PS0100100100500119200000,71,768,1024,"KORART, ancient Korean artifact, human-figure shape, made of wood, Goryeo period, used for religion and ritual, museum quality photograph, plain light-gray background, high detail"
fold1,PS0100100100500288000000,71,669,515,"KORART, ancient Korean artifact, human-figure shape, made of wood, Goryeo period, used for religion and ritual, museum quality photograph, plain light-gray background, high detail"
fold1,PS0100100101200043500000,72,768,1024,"KORART, ancient Korean artifact, human-figure shape, made of stone, Baekje period, used for religion and ritual, museum quality photograph, plain light-gray background, high detail"
fold1,PS0100100101200042700000,72,468,600,"KORART, ancient Korean artifact, human-figure shape, made of stone, Baekje period, used for religion and ritual, museum quality photograph, plain light-gray background, high detail"
fold1,PS0100100101100264000000,72,811,1024,"KORART, ancient Korean artifact, human-figure shape, made of stone, Baekje period, used for religion and ritual, museum quality photograph, plain light-gray background, high detail"
fold1,PS0100100100101437000000,72,768,1024,"KORART, ancient Korean artifact, human-figure shape, made of stone, Baekje period, used for religion and ritual, museum quality photograph, plain light-gray background, high detail"
fold1,PS0100100100100669000000,73,683,1024,"KORART, ancient Korean artifact, human-figure shape, made of stone, Tang period, used for religion and ritual, museum quality photograph, plain light-gray background, high detail"
fold1,PS0100100100500579200000,73,668,515,"KORART, ancient Korean artifact, human-figure shape, made of stone, Tang period, used for religion and ritual, museum quality photograph, plain light-gray background, high detail"
fold1,PS0100100100500468400000,73,683,1024,"KORART, ancient Korean artifact, human-figure shape, made of stone, Tang period, used for religion and ritual, museum quality photograph, plain light-gray background, high detail"
fold1,PS0100100101600442700000,73,1024,682,"KORART, ancient Korean artifact, human-figure shape, made of stone, Tang period, used for religion and ritual, museum quality photograph, plain light-gray background, high detail"
fold1,PS0100100101100137000000,74,448,593,"KORART, ancient Korean artifact, human-figure shape, made of stone, Goryeo period, used for religion and ritual, museum quality photograph, plain light-gray background, high detail"
fold1,PS0100100102400476100000,74,225,400,"KORART, ancient Korean artifact, human-figure shape, made of stone, Goryeo period, used for religion and ritual, museum quality photograph, plain light-gray background, high detail"
fold1,PS0100100101101208000000,74,769,1024,"KORART, ancient Korean artifact, human-figure shape, made of stone, Goryeo period, used for religion and ritual, museum quality photograph, plain light-gray background, high detail"
fold1,PS0100100100500403400000,74,1024,683,"KORART, ancient Korean artifact, human-figure shape, made of stone, Goryeo period, used for religion and ritual, museum quality photograph, plain light-gray background, high detail"
fold1,PS0100100101600443000000,75,1024,682,"KORART, ancient Korean artifact, human-figure shape, made of metal, Indian period, used for arts and culture, museum quality photograph, plain light-gray background, high detail"
fold1,PS0100100101600453900000,75,1024,682,"KORART, ancient Korean artifact, human-figure shape, made of metal, Indian period, used for arts and culture, museum quality photograph, plain light-gray background, high detail"
fold1,PS0100100101600454000000,75,1024,682,"KORART, ancient Korean artifact, human-figure shape, made of metal, Indian period, used for arts and culture, museum quality photograph, plain light-gray background, high detail"
fold1,PS0100100101600454100000,75,1024,682,"KORART, ancient Korean artifact, human-figure shape, made of metal, Indian period, used for arts and culture, museum quality photograph, plain light-gray background, high detail"
fold1,PS0100100101100332500000,77,515,669,"KORART, ancient Korean artifact, human-figure shape, made of ceramic, Goryeo period, used for food and dining, museum quality photograph, plain light-gray background, high detail"
fold1,PS0100100100500000700000,77,1024,769,"KORART, ancient Korean artifact, human-figure shape, made of ceramic, Goryeo period, used for food and dining, museum quality photograph, plain light-gray background, high detail"
fold1,PS0100100101600334800000,78,1024,768,"KORART, ancient Korean artifact, animal-shaped shape, made of ceramic, Tang period, used for social life, museum quality photograph, plain light-gray background, high detail"
fold1,PS0100100101600317800000,78,669,515,"KORART, ancient Korean artifact, animal-shaped shape, made of ceramic, Tang period, used for social life, museum quality photograph, plain light-gray background, high detail"
fold1,PS0100100101600334200000,78,683,1024,"KORART, ancient Korean artifact, animal-shaped shape, made of ceramic, Tang period, used for social life, museum quality photograph, plain light-gray background, high detail"
fold1,PS0100100101600334300000,78,683,1024,"KORART, ancient Korean artifact, animal-shaped shape, made of ceramic, Tang period, used for social life, museum quality photograph, plain light-gray background, high detail"
fold1,PS0100100100300239700000,80,811,1024,"KORART, ancient Korean artifact, animal-shaped shape, made of wood, Joseon period, used for arts and culture, museum quality photograph, plain light-gray background, high detail"
fold1,PS0100100102400433200000,80,1024,769,"KORART, ancient Korean artifact, animal-shaped shape, made of wood, Joseon period, used for arts and culture, museum quality photograph, plain light-gray background, high detail"
fold1,PS0100100102400431200000,80,1024,768,"KORART, ancient Korean artifact, animal-shaped shape, made of wood, Joseon period, used for arts and culture, museum quality photograph, plain light-gray background, high detail"
fold1,PS0100100102400430100000,80,1024,834,"KORART, ancient Korean artifact, animal-shaped shape, made of wood, Joseon period, used for arts and culture, museum quality photograph, plain light-gray background, high detail"
fold1,PS0100100101100960000000,81,1024,768,"KORART, ancient Korean artifact, animal-shaped shape, made of wood, Japanese colonial period, used for religion and ritual, museum quality photograph, plain light-gray background, high detail"
fold1,PS0100100101100959900000,81,1024,768,"KORART, ancient Korean artifact, animal-shaped shape, made of wood, Japanese colonial period, used for religion and ritual, museum quality photograph, plain light-gray background, high detail"
fold1,PS0100100100700663900000,84,1024,769,"KORART, ancient Korean artifact, animal-shaped shape, made of metal, Chinese period, used for social life, museum quality photograph, plain light-gray background, high detail"
fold1,PS0100100101700499700000,84,669,515,"KORART, ancient Korean artifact, animal-shaped shape, made of metal, Chinese period, used for social life, museum quality photograph, plain light-gray background, high detail"
fold1,PS0100100101101241100000,85,412,290,"KORART, ancient Korean artifact, animal-shaped shape, made of metal, Joseon period, used for household life, museum quality photograph, plain light-gray background, high detail"
fold1,PS0100100101101675000000,85,1024,683,"KORART, ancient Korean artifact, animal-shaped shape, made of metal, Joseon period, used for household life, museum quality photograph, plain light-gray background, high detail"
fold1,PS0100100101100433400000,85,669,515,"KORART, ancient Korean artifact, animal-shaped shape, made of metal, Joseon period, used for household life, museum quality photograph, plain light-gray background, high detail"
fold1,PS0100100100900197900000,85,1024,683,"KORART, ancient Korean artifact, animal-shaped shape, made of metal, Joseon period, used for household life, museum quality photograph, plain light-gray background, high detail"
fold1,PS0100100100500640000000,87,853,1024,"KORART, ancient Korean artifact, cylindrical shape, made of ceramic, Joseon period, used for household life, museum quality photograph, plain light-gray background, high detail"
fold1,PS0100100100600026200000,87,1024,769,"KORART, ancient Korean artifact, cylindrical shape, made of ceramic, Joseon period, used for household life, museum quality photograph, plain light-gray background, high detail"
fold1,PS0100100100600015800000,87,683,1024,"KORART, ancient Korean artifact, cylindrical shape, made of ceramic, Joseon period, used for household life, museum quality photograph, plain light-gray background, high detail"
fold1,PS0100100100500160900000,87,793,1024,"KORART, ancient Korean artifact, cylindrical shape, made of ceramic, Joseon period, used for household life, museum quality photograph, plain light-gray background, high detail"
fold1,PS0100100100101307600000,88,1024,769,"KORART, ancient Korean artifact, cylindrical shape, made of ceramic, Goryeo period, used for religion and ritual, museum quality photograph, plain light-gray background, high detail"
fold1,PS0100100100101307700000,88,1024,769,"KORART, ancient Korean artifact, cylindrical shape, made of ceramic, Goryeo period, used for religion and ritual, museum quality photograph, plain light-gray background, high detail"
fold1,PS0100100101100034100000,88,669,515,"KORART, ancient Korean artifact, cylindrical shape, made of ceramic, Goryeo period, used for religion and ritual, museum quality photograph, plain light-gray background, high detail"
fold1,PS0100100100101308000000,88,1024,769,"KORART, ancient Korean artifact, cylindrical shape, made of ceramic, Goryeo period, used for religion and ritual, museum quality photograph, plain light-gray background, high detail"
fold1,PS0100100100101307500000,90,1024,769,"KORART, ancient Korean artifact, cylindrical shape, made of metal, Goryeo period, used for food and dining, museum quality photograph, plain light-gray background, high detail"
fold1,PS0100100102400322500000,90,1024,683,"KORART, ancient Korean artifact, cylindrical shape, made of metal, Goryeo period, used for food and dining, museum quality photograph, plain light-gray background, high detail"
fold1,PS0100100102400330200000,90,1024,683,"KORART, ancient Korean artifact, cylindrical shape, made of metal, Goryeo period, used for food and dining, museum quality photograph, plain light-gray background, high detail"
fold1,PS0100100101100231900000,91,669,515,"KORART, ancient Korean artifact, cylindrical shape, made of metal, Silla period, used for religion and ritual, museum quality photograph, plain light-gray background, high detail"
fold1,PS0100100101100232000000,91,245,342,"KORART, ancient Korean artifact, cylindrical shape, made of metal, Silla period, used for religion and ritual, museum quality photograph, plain light-gray background, high detail"
fold1,PS0100100101700106500000,92,1024,683,"KORART, ancient Korean artifact, cylindrical shape, made of earthenware clay, Silla period, used for food and dining, museum quality photograph, plain light-gray background, high detail"
fold1,PS0100100101100508000000,92,1024,683,"KORART, ancient Korean artifact, cylindrical shape, made of earthenware clay, Silla period, used for food and dining, museum quality photograph, plain light-gray background, high detail"
fold1,PS0100100101101209600000,92,1024,683,"KORART, ancient Korean artifact, cylindrical shape, made of earthenware clay, Silla period, used for food and dining, museum quality photograph, plain light-gray background, high detail"
fold1,PS0100100102100226500000,92,1024,683,"KORART, ancient Korean artifact, cylindrical shape, made of earthenware clay, Silla period, used for food and dining, museum quality photograph, plain light-gray background, high detail"
fold1,PS0100100101100131800000,93,1024,768,"KORART, ancient Korean artifact, cylindrical shape, made of earthenware clay, Unified Silla period, used for social life, museum quality photograph, plain light-gray background, high detail"
fold1,PS0100100101100565500000,93,683,1024,"KORART, ancient Korean artifact, cylindrical shape, made of earthenware clay, Unified Silla period, used for social life, museum quality photograph, plain light-gray background, high detail"
fold1,PS0100100101100565400000,93,1024,683,"KORART, ancient Korean artifact, cylindrical shape, made of earthenware clay, Unified Silla period, used for social life, museum quality photograph, plain light-gray background, high detail"
fold1,PS0100100100900204600000,93,1024,683,"KORART, ancient Korean artifact, cylindrical shape, made of earthenware clay, Unified Silla period, used for social life, museum quality photograph, plain light-gray background, high detail"
fold1,PS0100100101100135700000,97,1024,683,"KORART, ancient Korean artifact, triangular shape, made of metal, Goryeo period, used for social life, museum quality photograph, plain light-gray background, high detail"
fold1,PS0100100100500053600000,97,1024,683,"KORART, ancient Korean artifact, triangular shape, made of metal, Goryeo period, used for social life, museum quality photograph, plain light-gray background, high detail"
fold1,PS0100100101100190800000,97,509,600,"KORART, ancient Korean artifact, triangular shape, made of metal, Goryeo period, used for social life, museum quality photograph, plain light-gray background, high detail"
fold1,PS0100100101102583600000,97,1024,683,"KORART, ancient Korean artifact, triangular shape, made of metal, Goryeo period, used for social life, museum quality photograph, plain light-gray background, high detail"
fold1,PS0100100101100309700000,98,1024,769,"KORART, ancient Korean artifact, triangular shape, made of stone, Bronze Age period, used for military use, museum quality photograph, plain light-gray background, high detail"
fold1,PS0100100101100354100000,98,669,515,"KORART, ancient Korean artifact, triangular shape, made of stone, Bronze Age period, used for military use, museum quality photograph, plain light-gray background, high detail"
fold1,PS0100100102400342800000,98,683,1024,"KORART, ancient Korean artifact, triangular shape, made of stone, Bronze Age period, used for military use, museum quality photograph, plain light-gray background, high detail"
fold1,PS0100100101103377600000,98,1024,683,"KORART, ancient Korean artifact, triangular shape, made of stone, Bronze Age period, used for military use, museum quality photograph, plain light-gray background, high detail"
fold1,PS0100100101100379300000,99,682,1024,"KORART, ancient Korean artifact, rectangular shape, made of ceramic, Joseon period, used for social life, museum quality photograph, plain light-gray background, high detail"
fold1,PS0100100101700592500000,99,1024,788,"KORART, ancient Korean artifact, rectangular shape, made of ceramic, Joseon period, used for social life, museum quality photograph, plain light-gray background, high detail"
fold1,PS0100100101101360500000,99,1024,691,"KORART, ancient Korean artifact, rectangular shape, made of ceramic, Joseon period, used for social life, museum quality photograph, plain light-gray background, high detail"
fold1,PS0100100101700894800000,99,1024,683,"KORART, ancient Korean artifact, rectangular shape, made of ceramic, Joseon period, used for social life, museum quality photograph, plain light-gray background, high detail"
fold1,PS0100100100101397200000,100,1024,806,"KORART, ancient Korean artifact, rectangular shape, made of earthenware clay, Baekje period, used for household life, museum quality photograph, plain light-gray background, high detail"
fold1,PS0100100100101396900000,100,1024,859,"KORART, ancient Korean artifact, rectangular shape, made of earthenware clay, Baekje period, used for household life, museum quality photograph, plain light-gray background, high detail"
fold1,PS0100100100101396800000,100,1024,768,"KORART, ancient Korean artifact, rectangular shape, made of earthenware clay, Baekje period, used for household life, museum quality photograph, plain light-gray background, high detail"
fold1,PS0100100100101397100000,100,1024,683,"KORART, ancient Korean artifact, rectangular shape, made of earthenware clay, Baekje period, used for household life, museum quality photograph, plain light-gray background, high detail"
fold2,PS0100100101101155600000,2,768,1024,"KORART, ancient Korean artifact, geometric shape, made of earthenware clay, Bronze Age period, used for food and dining, museum quality photograph, plain light-gray background, high detail"
fold2,PS0100100100100966300000,3,796,1024,"KORART, ancient Korean artifact, geometric shape, made of metal, Silla period, used for clothing and adornment, museum quality photograph, plain light-gray background, high detail"
fold2,PS0100100100101432100000,3,1024,683,"KORART, ancient Korean artifact, geometric shape, made of metal, Silla period, used for clothing and adornment, museum quality photograph, plain light-gray background, high detail"
fold2,PS0100100100101432000000,3,746,1024,"KORART, ancient Korean artifact, geometric shape, made of metal, Silla period, used for clothing and adornment, museum quality photograph, plain light-gray background, high detail"
fold2,PS0100100100100625500000,3,1024,857,"KORART, ancient Korean artifact, geometric shape, made of metal, Silla period, used for clothing and adornment, museum quality photograph, plain light-gray background, high detail"
fold2,PS0100100101100957900000,4,768,1024,"KORART, ancient Korean artifact, geometric shape, made of wood, Japanese colonial period, used for traditional science, museum quality photograph, plain light-gray background, high detail"
fold2,PS0100100101100958100000,4,669,515,"KORART, ancient Korean artifact, geometric shape, made of wood, Japanese colonial period, used for traditional science, museum quality photograph, plain light-gray background, high detail"
fold2,PS0100100101100958300000,4,1024,768,"KORART, ancient Korean artifact, geometric shape, made of wood, Japanese colonial period, used for traditional science, museum quality photograph, plain light-gray background, high detail"
fold2,PS0100100101105195100000,5,1024,768,"KORART, ancient Korean artifact, geometric shape, made of lacquer, Goryeo period, used for arts and culture, museum quality photograph, plain light-gray background, high detail"
fold2,PS0100100102102857000000,5,1024,683,"KORART, ancient Korean artifact, geometric shape, made of lacquer, Goryeo period, used for arts and culture, museum quality photograph, plain light-gray background, high detail"
fold2,PS0100100102102995300000,5,1024,683,"KORART, ancient Korean artifact, geometric shape, made of lacquer, Goryeo period, used for arts and culture, museum quality photograph, plain light-gray background, high detail"
fold2,PS0100100300100533300000,6,1024,672,"KORART, ancient Korean artifact, geometric shape, made of metal, Baekje period, used for social life, museum quality photograph, plain light-gray background, high detail"
fold2,PS0100100400700004500000,6,1024,683,"KORART, ancient Korean artifact, geometric shape, made of metal, Baekje period, used for social life, museum quality photograph, plain light-gray background, high detail"
fold2,PS0100100400700004400000,6,1024,683,"KORART, ancient Korean artifact, geometric shape, made of metal, Baekje period, used for social life, museum quality photograph, plain light-gray background, high detail"
fold2,PS0100100400700001300000,6,1024,683,"KORART, ancient Korean artifact, geometric shape, made of metal, Baekje period, used for social life, museum quality photograph, plain light-gray background, high detail"
fold2,PS0100100101600219800000,7,1024,827,"KORART, ancient Korean artifact, round shape, made of metal, Goryeo period, used for household life, museum quality photograph, plain light-gray background, high detail"
fold2,PS0100100100500028700000,7,1024,802,"KORART, ancient Korean artifact, round shape, made of metal, Goryeo period, used for household life, museum quality photograph, plain light-gray background, high detail"
fold2,PS0100100100100663000000,8,669,515,"KORART, ancient Korean artifact, round shape, made of earthenware clay, Tang period, used for household life, museum quality photograph, plain light-gray background, high detail"
fold2,PS0100100100100668100000,8,1024,683,"KORART, ancient Korean artifact, round shape, made of earthenware clay, Tang period, used for household life, museum quality photograph, plain light-gray background, high detail"
fold2,PS0100100102400043300000,9,1024,683,"KORART, ancient Korean artifact, round shape, made of ceramic, Goryeo period, used for food and dining, museum quality photograph, plain light-gray background, high detail"
fold2,PS0100100100100234700000,9,1024,682,"KORART, ancient Korean artifact, round shape, made of ceramic, Goryeo period, used for food and dining, museum quality photograph, plain light-gray background, high detail"
fold2,PS0100100100101013000000,9,1024,683,"KORART, ancient Korean artifact, round shape, made of ceramic, Goryeo period, used for food and dining, museum quality photograph, plain light-gray background, high detail"
fold2,PS0100100100100490600000,9,1024,757,"KORART, ancient Korean artifact, round shape, made of ceramic, Goryeo period, used for food and dining, museum quality photograph, plain light-gray background, high detail"
fold2,PS0100100101100076700000,10,800,570,"KORART, ancient Korean artifact, round shape, made of glass or gemstone, Unified Silla period, used for clothing and adornment, museum quality photograph, plain light-gray background, high detail"
fold2,PS0100100101600997200000,11,1024,683,"KORART, ancient Korean artifact, round shape, made of wood, Joseon period, used for household life, museum quality photograph, plain light-gray background, high detail"
fold2,PS0100100100500278500000,11,1024,768,"KORART, ancient Korean artifact, round shape, made of wood, Joseon period, used for household life, museum quality photograph, plain light-gray background, high detail"
fold2,PS0100100100300238900000,11,1024,768,"KORART, ancient Korean artifact, round shape, made of wood, Joseon period, used for household life, museum quality photograph, plain light-gray background, high detail"
fold2,PS0100100100100425100000,12,1024,731,"KORART, ancient Korean artifact, round shape, made of metal, Goryeo period, used for traditional science, museum quality photograph, plain light-gray background, high detail"
fold2,PS0100100101104385300000,12,1024,683,"KORART, ancient Korean artifact, round shape, made of metal, Goryeo period, used for traditional science, museum quality photograph, plain light-gray background, high detail"
fold2,PS0100100100900193100000,12,1024,683,"KORART, ancient Korean artifact, round shape, made of metal, Goryeo period, used for traditional science, museum quality photograph, plain light-gray background, high detail"
fold2,PS0100100100100037100000,13,768,1024,"KORART, ancient Korean artifact, human-figure shape, made of metal, Goryeo period, used for religion and ritual, museum quality photograph, plain light-gray background, high detail"
fold2,PS0100100100500211600000,13,683,1024,"KORART, ancient Korean artifact, human-figure shape, made of metal, Goryeo period, used for religion and ritual, museum quality photograph, plain light-gray background, high detail"
fold2,PS0100100100500007100000,13,683,1024,"KORART, ancient Korean artifact, human-figure shape, made of metal, Goryeo period, used for religion and ritual, museum quality photograph, plain light-gray background, high detail"
fold2,PS0100100100500274600000,14,683,1024,"KORART, ancient Korean artifact, human-figure shape, made of stone, Unified Silla period, used for religion and ritual, museum quality photograph, plain light-gray background, high detail"
fold2,PS0100100100100195800000,14,853,1024,"KORART, ancient Korean artifact, human-figure shape, made of stone, Unified Silla period, used for religion and ritual, museum quality photograph, plain light-gray background, high detail"
fold2,PS0100100100100195900000,14,683,1024,"KORART, ancient Korean artifact, human-figure shape, made of stone, Unified Silla period, used for religion and ritual, museum quality photograph, plain light-gray background, high detail"
fold2,PS0100100100100195700000,14,683,1024,"KORART, ancient Korean artifact, human-figure shape, made of stone, Unified Silla period, used for religion and ritual, museum quality photograph, plain light-gray background, high detail"
fold2,PS0100100100101475200000,16,768,1024,"KORART, ancient Korean artifact, human-figure shape, made of metal, Unified Silla period, used for religion and ritual, museum quality photograph, plain light-gray background, high detail"
fold2,PS0100100100100519100000,16,768,1024,"KORART, ancient Korean artifact, human-figure shape, made of metal, Unified Silla period, used for religion and ritual, museum quality photograph, plain light-gray background, high detail"
fold2,PS0100100100101285300000,16,683,1024,"KORART, ancient Korean artifact, human-figure shape, made of metal, Unified Silla period, used for religion and ritual, museum quality photograph, plain light-gray background, high detail"
fold2,PS0100100100101475300000,16,768,1024,"KORART, ancient Korean artifact, human-figure shape, made of metal, Unified Silla period, used for religion and ritual, museum quality photograph, plain light-gray background, high detail"
fold2,PS0100100101101866000000,18,669,515,"KORART, ancient Korean artifact, rectangular shape, made of ceramic, Goryeo period, used for household life, museum quality photograph, plain light-gray background, high detail"
fold2,PS0100100100100425700000,18,1024,731,"KORART, ancient Korean artifact, rectangular shape, made of ceramic, Goryeo period, used for household life, museum quality photograph, plain light-gray background, high detail"
fold2,PS0100100101101146700000,20,328,178,"KORART, ancient Korean artifact, rectangular shape, made of textile, Joseon period, used for clothing and adornment, museum quality photograph, plain light-gray background, high detail"
fold2,PS0100100101601047800000,20,683,1024,"KORART, ancient Korean artifact, rectangular shape, made of textile, Joseon period, used for clothing and adornment, museum quality photograph, plain light-gray background, high detail"
fold2,PS0100100101700653700000,20,682,1024,"KORART, ancient Korean artifact, rectangular shape, made of textile, Joseon period, used for clothing and adornment, museum quality photograph, plain light-gray background, high detail"
fold2,PS0100100101600498800000,21,1024,180,"KORART, ancient Korean artifact, rectangular shape, made of paper, Joseon period, used for household life, museum quality photograph, plain light-gray background, high detail"
fold2,PS0100100101600855900000,21,1024,572,"KORART, ancient Korean artifact, rectangular shape, made of paper, Joseon period, used for household life, museum quality photograph, plain light-gray background, high detail"
fold2,PS0100100101700665600000,21,1024,682,"KORART, ancient Korean artifact, rectangular shape, made of paper, Joseon period, used for household life, museum quality photograph, plain light-gray background, high detail"
fold2,PS0100100100900261300000,22,811,1024,"KORART, ancient Korean artifact, rectangular shape, made of paper, Joseon period, used for arts and culture, museum quality photograph, plain light-gray background, high detail"
fold2,PS0100100100100650400000,22,669,515,"KORART, ancient Korean artifact, rectangular shape, made of paper, Joseon period, used for arts and culture, museum quality photograph, plain light-gray background, high detail"
fold2,PS0100100100500527900000,22,683,1024,"KORART, ancient Korean artifact, rectangular shape, made of paper, Joseon period, used for arts and culture, museum quality photograph, plain light-gray background, high detail"
fold2,PS0100100101700895300000,22,1024,683,"KORART, ancient Korean artifact, rectangular shape, made of paper, Joseon period, used for arts and culture, museum quality photograph, plain light-gray background, high detail"
fold2,PS0100100101600264700000,23,669,515,"KORART, ancient Korean artifact, rectangular shape, made of paper, Joseon period, used for social life, museum quality photograph, plain light-gray background, high detail"
fold2,PS0100100101200011100000,23,750,1024,"KORART, ancient Korean artifact, rectangular shape, made of paper, Joseon period, used for social life, museum quality photograph, plain light-gray background, high detail"
fold2,PS0100100101700630700000,23,1024,683,"KORART, ancient Korean artifact, rectangular shape, made of paper, Joseon period, used for social life, museum quality photograph, plain light-gray background, high detail"
fold2,PS0100100101700938100000,23,1024,683,"KORART, ancient Korean artifact, rectangular shape, made of paper, Joseon period, used for social life, museum quality photograph, plain light-gray background, high detail"
fold2,PS0100100102002952100000,25,1024,782,"KORART, ancient Korean artifact, rectangular shape, made of glass or gemstone, Japanese colonial period, used for records and media, museum quality photograph, plain light-gray background, high detail"
fold2,PS0100100102001666100000,25,1024,853,"KORART, ancient Korean artifact, rectangular shape, made of glass or gemstone, Japanese colonial period, used for records and media, museum quality photograph, plain light-gray background, high detail"
fold2,PS0100100102001652400000,25,864,1024,"KORART, ancient Korean artifact, rectangular shape, made of glass or gemstone, Japanese colonial period, used for records and media, museum quality photograph, plain light-gray background, high detail"
fold2,PS0100100102003050100000,25,1024,763,"KORART, ancient Korean artifact, rectangular shape, made of glass or gemstone, Japanese colonial period, used for records and media, museum quality photograph, plain light-gray background, high detail"
fold2,PS0100100100100661400000,26,1024,768,"KORART, ancient Korean artifact, rectangular shape, made of glass or gemstone, Nangnang period, used for social life, museum quality photograph, plain light-gray background, high detail"
fold2,PS0100100100500418200000,27,1024,683,"KORART, ancient Korean artifact, rectangular shape, made of bone, horn or shell, Joseon period, used for household life, museum quality photograph, plain light-gray background, high detail"
fold2,PS0100100100500128600000,27,1024,618,"KORART, ancient Korean artifact, rectangular shape, made of bone, horn or shell, Joseon period, used for household life, museum quality photograph, plain light-gray background, high detail"
fold2,PS0100100100500281500000,27,1024,740,"KORART, ancient Korean artifact, rectangular shape, made of bone, horn or shell, Joseon period, used for household life, museum quality photograph, plain light-gray background, high detail"
fold2,PS0100100101101428300000,28,1024,683,"KORART, ancient Korean artifact, rectangular shape, made of stone, Japanese colonial period, used for traditional science, museum quality photograph, plain light-gray background, high detail"
fold2,PS0100100101101428500000,28,683,1024,"KORART, ancient Korean artifact, rectangular shape, made of stone, Japanese colonial period, used for traditional science, museum quality photograph, plain light-gray background, high detail"
fold2,PS0100100101101431100000,28,1024,756,"KORART, ancient Korean artifact, rectangular shape, made of stone, Japanese colonial period, used for traditional science, museum quality photograph, plain light-gray background, high detail"
fold2,PS0100100100100405600000,29,826,1024,"KORART, ancient Korean artifact, rectangular shape, made of earthenware clay, Joseon period, used for arts and culture, museum quality photograph, plain light-gray background, high detail"
fold2,PS0100100100100404700000,29,768,1024,"KORART, ancient Korean artifact, rectangular shape, made of earthenware clay, Joseon period, used for arts and culture, museum quality photograph, plain light-gray background, high detail"
fold2,PS0100100100100406100000,29,1024,741,"KORART, ancient Korean artifact, rectangular shape, made of earthenware clay, Joseon period, used for arts and culture, museum quality photograph, plain light-gray background, high detail"
fold2,PS0100100100100336400000,30,1024,723,"KORART, ancient Korean artifact, rectangular shape, made of metal, Joseon period, used for traditional science, museum quality photograph, plain light-gray background, high detail"
fold2,PS0100100100100339300000,30,1024,769,"KORART, ancient Korean artifact, rectangular shape, made of metal, Joseon period, used for traditional science, museum quality photograph, plain light-gray background, high detail"
fold2,PS0100100100100336900000,30,1024,742,"KORART, ancient Korean artifact, rectangular shape, made of metal, Joseon period, used for traditional science, museum quality photograph, plain light-gray background, high detail"
fold2,PS0100100100100338500000,30,1024,768,"KORART, ancient Korean artifact, rectangular shape, made of metal, Joseon period, used for traditional science, museum quality photograph, plain light-gray background, high detail"
fold2,PS0100100100100970500000,31,1024,821,"KORART, ancient Korean artifact, animal-shaped shape, made of earthenware clay, Silla period, used for social life, museum quality photograph, plain light-gray background, high detail"
fold2,PS0100100100701487100000,32,811,1024,"KORART, ancient Korean artifact, animal-shaped shape, made of ceramic, Goryeo period, used for household life, museum quality photograph, plain light-gray background, high detail"
fold2,PS0100100100500555900000,32,1024,683,"KORART, ancient Korean artifact, animal-shaped shape, made of ceramic, Goryeo period, used for household life, museum quality photograph, plain light-gray background, high detail"
fold2,PS0100100100500618500000,32,1024,683,"KORART, ancient Korean artifact, animal-shaped shape, made of ceramic, Goryeo period, used for household life, museum quality photograph, plain light-gray background, high detail"
fold2,PS0100100101100923800000,34,1024,769,"KORART, ancient Korean artifact, animal-shaped shape, made of stone, Joseon period, used for traditional science, museum quality photograph, plain light-gray background, high detail"
fold2,PS0100100101100923600000,34,669,515,"KORART, ancient Korean artifact, animal-shaped shape, made of stone, Joseon period, used for traditional science, museum quality photograph, plain light-gray background, high detail"
fold2,PS0100100100500435100000,34,1024,683,"KORART, ancient Korean artifact, animal-shaped shape, made of stone, Joseon period, used for traditional science, museum quality photograph, plain light-gray background, high detail"
fold2,PS0100100100500142600000,36,1024,683,"KORART, ancient Korean artifact, cylindrical shape, made of ceramic, Joseon period, used for food and dining, museum quality photograph, plain light-gray background, high detail"
fold2,PS0100100101700692600000,36,1024,682,"KORART, ancient Korean artifact, cylindrical shape, made of ceramic, Joseon period, used for food and dining, museum quality photograph, plain light-gray background, high detail"
fold2,PS0100100100101125800000,36,1024,769,"KORART, ancient Korean artifact, cylindrical shape, made of ceramic, Joseon period, used for food and dining, museum quality photograph, plain light-gray background, high detail"
fold2,PS0100100100500081900000,36,1024,683,"KORART, ancient Korean artifact, cylindrical shape, made of ceramic, Joseon period, used for food and dining, museum quality photograph, plain light-gray background, high detail"
fold2,PS0100100101100632600000,37,1024,769,"KORART, ancient Korean artifact, cylindrical shape, made of metal, Joseon period, used for military use, museum quality photograph, plain light-gray background, high detail"
fold2,PS0100100100100019300000,37,669,515,"KORART, ancient Korean artifact, cylindrical shape, made of metal, Joseon period, used for military use, museum quality photograph, plain light-gray background, high detail"
fold2,PS0100100100500211400000,37,1024,769,"KORART, ancient Korean artifact, cylindrical shape, made of metal, Joseon period, used for military use, museum quality photograph, plain light-gray background, high detail"
fold2,PS0100100101102289100000,39,769,1024,"KORART, ancient Korean artifact, triangular shape, made of earthenware clay, Neolithic period, used for food and dining, museum quality photograph, plain light-gray background, high detail"
fold2,PS0100100101102271900000,39,1024,683,"KORART, ancient Korean artifact, triangular shape, made of earthenware clay, Neolithic period, used for food and dining, museum quality photograph, plain light-gray background, high detail"
fold2,PS0100100101102206200000,39,851,1024,"KORART, ancient Korean artifact, triangular shape, made of earthenware clay, Neolithic period, used for food and dining, museum quality photograph, plain light-gray background, high detail"
fold2,PS0100100102400000500000,41,768,1024,"KORART, ancient Korean artifact, geometric shape, made of metal, Early Iron Age period, used for military use, museum quality photograph, plain light-gray background, high detail"
fold2,PS0100100102400312100000,41,683,1024,"KORART, ancient Korean artifact, geometric shape, made of metal, Early Iron Age period, used for military use, museum quality photograph, plain light-gray background, high detail"
fold2,PS0100100102400311900000,41,683,1024,"KORART, ancient Korean artifact, geometric shape, made of metal, Early Iron Age period, used for military use, museum quality photograph, plain light-gray background, high detail"
fold2,PS0100100102400310500000,41,1024,683,"KORART, ancient Korean artifact, geometric shape, made of metal, Early Iron Age period, used for military use, museum quality photograph, plain light-gray background, high detail"
fold2,PS0100100101700726000000,42,1024,769,"KORART, ancient Korean artifact, geometric shape, made of metal, Goryeo period, used for food and dining, museum quality photograph, plain light-gray background, high detail"
fold2,PS0100100101100188500000,42,1024,769,"KORART, ancient Korean artifact, geometric shape, made of metal, Goryeo period, used for food and dining, museum quality photograph, plain light-gray background, high detail"
fold2,PS0100100100500013000000,42,1024,769,"KORART, ancient Korean artifact, geometric shape, made of metal, Goryeo period, used for food and dining, museum quality photograph, plain light-gray background, high detail"
fold2,PS0100100101101097200000,43,1024,768,"KORART, ancient Korean artifact, geometric shape, made of metal, Joseon period, used for traditional science, museum quality photograph, plain light-gray background, high detail"
fold2,PS0100100101100843400000,43,1024,768,"KORART, ancient Korean artifact, geometric shape, made of metal, Joseon period, used for traditional science, museum quality photograph, plain light-gray background, high detail"
fold2,PS0100101400000000100000,45,1024,683,"KORART, ancient Korean artifact, geometric shape, made of metal, Baekje period, used for household life, museum quality photograph, plain light-gray background, high detail"
fold2,PS0100100400700006500000,45,1024,683,"KORART, ancient Korean artifact, geometric shape, made of metal, Baekje period, used for household life, museum quality photograph, plain light-gray background, high detail"
fold2,PS0100100300100460700000,45,669,515,"KORART, ancient Korean artifact, geometric shape, made of metal, Baekje period, used for household life, museum quality photograph, plain light-gray background, high detail"
fold2,PS0100100400101677800000,45,1024,683,"KORART, ancient Korean artifact, geometric shape, made of metal, Baekje period, used for household life, museum quality photograph, plain light-gray background, high detail"
fold2,PS0100100101700819500000,46,1024,683,"KORART, ancient Korean artifact, geometric shape, made of wood, Joseon period, used for traditional science, museum quality photograph, plain light-gray background, high detail"
fold2,PS0100100101100958200000,46,669,515,"KORART, ancient Korean artifact, geometric shape, made of wood, Joseon period, used for traditional science, museum quality photograph, plain light-gray background, high detail"
fold2,PS0100100100300173200000,46,1024,818,"KORART, ancient Korean artifact, geometric shape, made of wood, Joseon period, used for traditional science, museum quality photograph, plain light-gray background, high detail"
fold2,PS0100100101601003500000,46,1024,768,"KORART, ancient Korean artifact, geometric shape, made of wood, Joseon period, used for traditional science, museum quality photograph, plain light-gray background, high detail"
fold2,PS0100100400700002100000,48,1024,683,"KORART, ancient Korean artifact, geometric shape, made of wood, Baekje period, used for social life, museum quality photograph, plain light-gray background, high detail"
fold2,PS0100100400700006100000,48,1024,683,"KORART, ancient Korean artifact, geometric shape, made of wood, Baekje period, used for social life, museum quality photograph, plain light-gray background, high detail"
fold2,PS0100100400700006200000,48,1024,683,"KORART, ancient Korean artifact, geometric shape, made of wood, Baekje period, used for social life, museum quality photograph, plain light-gray background, high detail"
fold2,PS0100100400700010400000,48,1024,683,"KORART, ancient Korean artifact, geometric shape, made of wood, Baekje period, used for social life, museum quality photograph, plain light-gray background, high detail"
fold2,PS0100100100600000900000,49,1024,769,"KORART, ancient Korean artifact, geometric shape, made of ceramic, Joseon period, used for traditional science, museum quality photograph, plain light-gray background, high detail"
fold2,PS0100100100900067100000,49,1024,683,"KORART, ancient Korean artifact, geometric shape, made of ceramic, Joseon period, used for traditional science, museum quality photograph, plain light-gray background, high detail"
fold2,PS0100100100101094200000,49,1024,683,"KORART, ancient Korean artifact, geometric shape, made of ceramic, Joseon period, used for traditional science, museum quality photograph, plain light-gray background, high detail"
fold2,PS0100100100900034400000,50,683,1024,"KORART, ancient Korean artifact, geometric shape, made of ceramic, Joseon period, used for household life, museum quality photograph, plain light-gray background, high detail"
fold2,PS0100100101100415000000,50,669,515,"KORART, ancient Korean artifact, geometric shape, made of ceramic, Joseon period, used for household life, museum quality photograph, plain light-gray background, high detail"
fold2,PS0100100101100095500000,50,1024,768,"KORART, ancient Korean artifact, geometric shape, made of ceramic, Joseon period, used for household life, museum quality photograph, plain light-gray background, high detail"
fold2,PS0100100101600442600000,51,1024,682,"KORART, ancient Korean artifact, geometric shape, made of ceramic, Qing period, used for food and dining, museum quality photograph, plain light-gray background, high detail"
fold2,PS0100100101600334500000,51,764,1024,"KORART, ancient Korean artifact, geometric shape, made of ceramic, Qing period, used for food and dining, museum quality photograph, plain light-gray background, high detail"
fold2,PS0100100101600426500000,51,682,1024,"KORART, ancient Korean artifact, geometric shape, made of ceramic, Qing period, used for food and dining, museum quality photograph, plain light-gray background, high detail"
fold2,PS0100100102400294800000,51,731,1024,"KORART, ancient Korean artifact, geometric shape, made of ceramic, Qing period, used for food and dining, museum quality photograph, plain light-gray background, high detail"
fold2,PS0100100101600284800000,52,817,1024,"KORART, ancient Korean artifact, geometric shape, made of ceramic, Yuan period, used for food and dining, museum quality photograph, plain light-gray background, high detail"
fold2,PS0100100100701382100000,52,769,1024,"KORART, ancient Korean artifact, geometric shape, made of ceramic, Yuan period, used for food and dining, museum quality photograph, plain light-gray background, high detail"
fold2,PS0100100100700667600000,52,769,1024,"KORART, ancient Korean artifact, geometric shape, made of ceramic, Yuan period, used for food and dining, museum quality photograph, plain light-gray background, high detail"
fold2,PS0100100100700669500000,52,768,1024,"KORART, ancient Korean artifact, geometric shape, made of ceramic, Yuan period, used for food and dining, museum quality photograph, plain light-gray background, high detail"
fold2,PS0100100100500510500000,53,683,1024,"KORART, ancient Korean artifact, geometric shape, made of ceramic, Song period, used for food and dining, museum quality photograph, plain light-gray background, high detail"
fold2,PS0100100100500425600000,53,1024,769,"KORART, ancient Korean artifact, geometric shape, made of ceramic, Song period, used for food and dining, museum quality photograph, plain light-gray background, high detail"
fold2,PS0100100100500372500000,53,1024,768,"KORART, ancient Korean artifact, geometric shape, made of ceramic, Song period, used for food and dining, museum quality photograph, plain light-gray background, high detail"
fold2,PS0100100100500151500000,53,819,1024,"KORART, ancient Korean artifact, geometric shape, made of ceramic, Song period, used for food and dining, museum quality photograph, plain light-gray background, high detail"
fold2,PS0100100101100055000000,55,784,1024,"KORART, ancient Korean artifact, geometric shape, made of stone, Unified Silla period, used for religion and ritual, museum quality photograph, plain light-gray background, high detail"
fold2,PS0100100101300096700000,55,980,669,"KORART, ancient Korean artifact, geometric shape, made of stone, Unified Silla period, used for religion and ritual, museum quality photograph, plain light-gray background, high detail"
fold2,PS0100100101100054900000,55,1024,867,"KORART, ancient Korean artifact, geometric shape, made of stone, Unified Silla period, used for religion and ritual, museum quality photograph, plain light-gray background, high detail"
fold2,PS0100100102100228900000,55,1024,683,"KORART, ancient Korean artifact, geometric shape, made of stone, Unified Silla period, used for religion and ritual, museum quality photograph, plain light-gray background, high detail"
fold2,PS0100100100100383000000,56,1024,683,"KORART, ancient Korean artifact, geometric shape, made of earthenware clay, Chinese period, used for food and dining, museum quality photograph, plain light-gray background, high detail"
fold2,PS0100100101100080500000,56,1024,683,"KORART, ancient Korean artifact, geometric shape, made of earthenware clay, Chinese period, used for food and dining, museum quality photograph, plain light-gray background, high detail"
fold2,PS0100100102100735000000,56,1024,683,"KORART, ancient Korean artifact, geometric shape, made of earthenware clay, Chinese period, used for food and dining, museum quality photograph, plain light-gray background, high detail"
fold2,PS0100100102100735300000,56,1024,683,"KORART, ancient Korean artifact, geometric shape, made of earthenware clay, Chinese period, used for food and dining, museum quality photograph, plain light-gray background, high detail"
fold2,PS0100100101100117500000,58,1024,683,"KORART, ancient Korean artifact, geometric shape, made of earthenware clay, Joseon period, used for traditional science, museum quality photograph, plain light-gray background, high detail"
fold2,PS0100100100100644600000,58,1024,683,"KORART, ancient Korean artifact, geometric shape, made of earthenware clay, Joseon period, used for traditional science, museum quality photograph, plain light-gray background, high detail"
fold2,PS0100100101101251500000,58,1024,683,"KORART, ancient Korean artifact, geometric shape, made of earthenware clay, Joseon period, used for traditional science, museum quality photograph, plain light-gray background, high detail"
fold2,PS0100401000100045000000,58,1024,768,"KORART, ancient Korean artifact, geometric shape, made of earthenware clay, Joseon period, used for traditional science, museum quality photograph, plain light-gray background, high detail"
fold2,PS0100100101100600400000,60,669,515,"KORART, ancient Korean artifact, round shape, made of metal, Joseon period, used for industry and livelihood, museum quality photograph, plain light-gray background, high detail"
fold2,PS0100100101101256400000,60,1024,769,"KORART, ancient Korean artifact, round shape, made of metal, Joseon period, used for industry and livelihood, museum quality photograph, plain light-gray background, high detail"
fold2,PS0100100101101256100000,60,1024,769,"KORART, ancient Korean artifact, round shape, made of metal, Joseon period, used for industry and livelihood, museum quality photograph, plain light-gray background, high detail"
fold2,PS0100100100300082100000,60,1024,683,"KORART, ancient Korean artifact, round shape, made of metal, Joseon period, used for industry and livelihood, museum quality photograph, plain light-gray background, high detail"
fold2,PS0100100100300074700000,61,1024,769,"KORART, ancient Korean artifact, round shape, made of metal, Joseon period, used for social life, museum quality photograph, plain light-gray background, high detail"
fold2,PS0100100101104148300000,61,1024,683,"KORART, ancient Korean artifact, round shape, made of metal, Joseon period, used for social life, museum quality photograph, plain light-gray background, high detail"
fold2,PS0100100101101680800000,62,1024,683,"KORART, ancient Korean artifact, round shape, made of metal, Korean Empire period, used for social life, museum quality photograph, plain light-gray background, high detail"
fold2,PS0100100101101787200000,62,764,1024,"KORART, ancient Korean artifact, round shape, made of metal, Korean Empire period, used for social life, museum quality photograph, plain light-gray background, high detail"
fold2,PS0100100101101787000000,62,781,1024,"KORART, ancient Korean artifact, round shape, made of metal, Korean Empire period, used for social life, museum quality photograph, plain light-gray background, high detail"
fold2,PS0100101200108555800000,62,1024,683,"KORART, ancient Korean artifact, round shape, made of metal, Korean Empire period, used for social life, museum quality photograph, plain light-gray background, high detail"
fold2,PS0100100101100012000000,63,1024,768,"KORART, ancient Korean artifact, round shape, made of metal, Silla period, used for food and dining, museum quality photograph, plain light-gray background, high detail"
fold2,PS0100100100101435700000,63,1024,768,"KORART, ancient Korean artifact, round shape, made of metal, Silla period, used for food and dining, museum quality photograph, plain light-gray background, high detail"
fold2,PS0100100100101435600000,63,1024,768,"KORART, ancient Korean artifact, round shape, made of metal, Silla period, used for food and dining, museum quality photograph, plain light-gray background, high detail"
fold2,PS0100100101100016500000,63,750,515,"KORART, ancient Korean artifact, round shape, made of metal, Silla period, used for food and dining, museum quality photograph, plain light-gray background, high detail"
fold2,PS0100100101700130000000,64,1024,682,"KORART, ancient Korean artifact, round shape, made of earthenware clay, Baekje period, used for food and dining, museum quality photograph, plain light-gray background, high detail"
fold2,PS0100100101104881500000,64,1024,683,"KORART, ancient Korean artifact, round shape, made of earthenware clay, Baekje period, used for food and dining, museum quality photograph, plain light-gray background, high detail"
fold2,PS0100100101104883500000,64,1024,683,"KORART, ancient Korean artifact, round shape, made of earthenware clay, Baekje period, used for food and dining, museum quality photograph, plain light-gray background, high detail"
fold2,PS0100100100100903200000,65,1024,678,"KORART, ancient Korean artifact, round shape, made of earthenware clay, Kofun period, used for food and dining, museum quality photograph, plain light-gray background, high detail"
fold2,PS0100100100100903000000,65,1024,683,"KORART, ancient Korean artifact, round shape, made of earthenware clay, Kofun period, used for food and dining, museum quality photograph, plain light-gray background, high detail"
fold2,PS0100100100100897900000,65,1024,683,"KORART, ancient Korean artifact, round shape, made of earthenware clay, Kofun period, used for food and dining, museum quality photograph, plain light-gray background, high detail"
fold2,PS0100100101300046800000,66,1024,768,"KORART, ancient Korean artifact, round shape, made of stone, Bronze Age period, used for industry and livelihood, museum quality photograph, plain light-gray background, high detail"
fold2,PS0100100101105110800000,66,1024,683,"KORART, ancient Korean artifact, round shape, made of stone, Bronze Age period, used for industry and livelihood, museum quality photograph, plain light-gray background, high detail"
fold2,PS0100100101105110700000,66,1024,682,"KORART, ancient Korean artifact, round shape, made of stone, Bronze Age period, used for industry and livelihood, museum quality photograph, plain light-gray background, high detail"
fold2,PS0100100102102077000000,66,1024,683,"KORART, ancient Korean artifact, round shape, made of stone, Bronze Age period, used for industry and livelihood, museum quality photograph, plain light-gray background, high detail"
fold2,PS0100100100500133200000,67,768,1024,"KORART, ancient Korean artifact, round shape, made of glass or gemstone, Goryeo period, used for food and dining, museum quality photograph, plain light-gray background, high detail"
fold2,PS0100100100500544300000,67,669,515,"KORART, ancient Korean artifact, round shape, made of glass or gemstone, Goryeo period, used for food and dining, museum quality photograph, plain light-gray background, high detail"
fold2,PS0100100100500506100000,67,669,516,"KORART, ancient Korean artifact, round shape, made of glass or gemstone, Goryeo period, used for food and dining, museum quality photograph, plain light-gray background, high detail"
fold2,PS0100100100500132100000,67,669,515,"KORART, ancient Korean artifact, round shape, made of glass or gemstone, Goryeo period, used for food and dining, museum quality photograph, plain light-gray background, high detail"
fold2,PS0100100100100658600000,68,1024,683,"KORART, ancient Korean artifact, round shape, made of glass or gemstone, Song period, used for social life, museum quality photograph, plain light-gray background, high detail"
fold2,PS0100100100100660400000,68,1024,769,"KORART, ancient Korean artifact, round shape, made of glass or gemstone, Song period, used for social life, museum quality photograph, plain light-gray background, high detail"
fold2,PS0100100101100049800000,69,1024,768,"KORART, ancient Korean artifact, round shape, made of bone, horn or shell, Joseon period, used for household life, museum quality photograph, plain light-gray background, high detail"
fold2,PS0100100100300155100000,69,1024,768,"KORART, ancient Korean artifact, round shape, made of bone, horn or shell, Joseon period, used for household life, museum quality photograph, plain light-gray background, high detail"
fold2,PS0100100100500129800000,69,1024,768,"KORART, ancient Korean artifact, round shape, made of bone, horn or shell, Joseon period, used for household life, museum quality photograph, plain light-gray background, high detail"
fold2,PS0100100101100060400000,69,1024,768,"KORART, ancient Korean artifact, round shape, made of bone, horn or shell, Joseon period, used for household life, museum quality photograph, plain light-gray background, high detail"
fold2,PS0100100101100961800000,70,1024,768,"KORART, ancient Korean artifact, human-figure shape, made of wood, Japanese colonial period, used for religion and ritual, museum quality photograph, plain light-gray background, high detail"
fold2,PS0100100101100961600000,70,768,1024,"KORART, ancient Korean artifact, human-figure shape, made of wood, Japanese colonial period, used for religion and ritual, museum quality photograph, plain light-gray background, high detail"
fold2,PS0100100101100961400000,70,769,1024,"KORART, ancient Korean artifact, human-figure shape, made of wood, Japanese colonial period, used for religion and ritual, museum quality photograph, plain light-gray background, high detail"
fold2,PS0100100101100961300000,70,515,669,"KORART, ancient Korean artifact, human-figure shape, made of wood, Japanese colonial period, used for religion and ritual, museum quality photograph, plain light-gray background, high detail"
fold2,PS0100100100500554700000,71,659,1024,"KORART, ancient Korean artifact, human-figure shape, made of wood, Goryeo period, used for religion and ritual, museum quality photograph, plain light-gray background, high detail"
fold2,PS0100100100500225300000,71,683,1024,"KORART, ancient Korean artifact, human-figure shape, made of wood, Goryeo period, used for religion and ritual, museum quality photograph, plain light-gray background, high detail"
fold2,PS0100100100500119200000,71,768,1024,"KORART, ancient Korean artifact, human-figure shape, made of wood, Goryeo period, used for religion and ritual, museum quality photograph, plain light-gray background, high detail"
fold2,PS0100100100500288000000,71,669,515,"KORART, ancient Korean artifact, human-figure shape, made of wood, Goryeo period, used for religion and ritual, museum quality photograph, plain light-gray background, high detail"
fold2,PS0100100101200043500000,72,768,1024,"KORART, ancient Korean artifact, human-figure shape, made of stone, Baekje period, used for religion and ritual, museum quality photograph, plain light-gray background, high detail"
fold2,PS0100100101200042700000,72,468,600,"KORART, ancient Korean artifact, human-figure shape, made of stone, Baekje period, used for religion and ritual, museum quality photograph, plain light-gray background, high detail"
fold2,PS0100100101100264000000,72,811,1024,"KORART, ancient Korean artifact, human-figure shape, made of stone, Baekje period, used for religion and ritual, museum quality photograph, plain light-gray background, high detail"
fold2,PS0100100100101437000000,72,768,1024,"KORART, ancient Korean artifact, human-figure shape, made of stone, Baekje period, used for religion and ritual, museum quality photograph, plain light-gray background, high detail"
fold2,PS0100100100100669000000,73,683,1024,"KORART, ancient Korean artifact, human-figure shape, made of stone, Tang period, used for religion and ritual, museum quality photograph, plain light-gray background, high detail"
fold2,PS0100100100500579200000,73,668,515,"KORART, ancient Korean artifact, human-figure shape, made of stone, Tang period, used for religion and ritual, museum quality photograph, plain light-gray background, high detail"
fold2,PS0100100100500468400000,73,683,1024,"KORART, ancient Korean artifact, human-figure shape, made of stone, Tang period, used for religion and ritual, museum quality photograph, plain light-gray background, high detail"
fold2,PS0100100101600442700000,73,1024,682,"KORART, ancient Korean artifact, human-figure shape, made of stone, Tang period, used for religion and ritual, museum quality photograph, plain light-gray background, high detail"
fold2,PS0100100101100137000000,74,448,593,"KORART, ancient Korean artifact, human-figure shape, made of stone, Goryeo period, used for religion and ritual, museum quality photograph, plain light-gray background, high detail"
fold2,PS0100100102400476100000,74,225,400,"KORART, ancient Korean artifact, human-figure shape, made of stone, Goryeo period, used for religion and ritual, museum quality photograph, plain light-gray background, high detail"
fold2,PS0100100101101208000000,74,769,1024,"KORART, ancient Korean artifact, human-figure shape, made of stone, Goryeo period, used for religion and ritual, museum quality photograph, plain light-gray background, high detail"
fold2,PS0100100100500403400000,74,1024,683,"KORART, ancient Korean artifact, human-figure shape, made of stone, Goryeo period, used for religion and ritual, museum quality photograph, plain light-gray background, high detail"
fold2,PS0100100100500404600000,76,1024,768,"KORART, ancient Korean artifact, human-figure shape, made of metal, Joseon period, used for religion and ritual, museum quality photograph, plain light-gray background, high detail"
fold2,PS0100100500100692300000,76,676,1024,"KORART, ancient Korean artifact, human-figure shape, made of metal, Joseon period, used for religion and ritual, museum quality photograph, plain light-gray background, high detail"
fold2,PS0100100101100452900000,76,768,1024,"KORART, ancient Korean artifact, human-figure shape, made of metal, Joseon period, used for religion and ritual, museum quality photograph, plain light-gray background, high detail"
fold2,PS0100100101100453000000,76,768,1024,"KORART, ancient Korean artifact, human-figure shape, made of metal, Joseon period, used for religion and ritual, museum quality photograph, plain light-gray background, high detail"
fold2,PS0100100101600334800000,78,1024,768,"KORART, ancient Korean artifact, animal-shaped shape, made of ceramic, Tang period, used for social life, museum quality photograph, plain light-gray background, high detail"
fold2,PS0100100101600317800000,78,669,515,"KORART, ancient Korean artifact, animal-shaped shape, made of ceramic, Tang period, used for social life, museum quality photograph, plain light-gray background, high detail"
fold2,PS0100100101600334200000,78,683,1024,"KORART, ancient Korean artifact, animal-shaped shape, made of ceramic, Tang period, used for social life, museum quality photograph, plain light-gray background, high detail"
fold2,PS0100100101600334300000,78,683,1024,"KORART, ancient Korean artifact, animal-shaped shape, made of ceramic, Tang period, used for social life, museum quality photograph, plain light-gray background, high detail"
fold2,PS0100100100500186200000,79,1024,768,"KORART, ancient Korean artifact, animal-shaped shape, made of wood, Joseon period, used for industry and livelihood, museum quality photograph, plain light-gray background, high detail"
fold2,PS0100100101101672100000,79,669,515,"KORART, ancient Korean artifact, animal-shaped shape, made of wood, Joseon period, used for industry and livelihood, museum quality photograph, plain light-gray background, high detail"
fold2,PS0100100100300239700000,80,811,1024,"KORART, ancient Korean artifact, animal-shaped shape, made of wood, Joseon period, used for arts and culture, museum quality photograph, plain light-gray background, high detail"
fold2,PS0100100102400433200000,80,1024,769,"KORART, ancient Korean artifact, animal-shaped shape, made of wood, Joseon period, used for arts and culture, museum quality photograph, plain light-gray background, high detail"
fold2,PS0100100102400431200000,80,1024,768,"KORART, ancient Korean artifact, animal-shaped shape, made of wood, Joseon period, used for arts and culture, museum quality photograph, plain light-gray background, high detail"
fold2,PS0100100102400430100000,80,1024,834,"KORART, ancient Korean artifact, animal-shaped shape, made of wood, Joseon period, used for arts and culture, museum quality photograph, plain light-gray background, high detail"
fold2,PS0100100101100960000000,81,1024,768,"KORART, ancient Korean artifact, animal-shaped shape, made of wood, Japanese colonial period, used for religion and ritual, museum quality photograph, plain light-gray background, high detail"
fold2,PS0100100101100959900000,81,1024,768,"KORART, ancient Korean artifact, animal-shaped shape, made of wood, Japanese colonial period, used for religion and ritual, museum quality photograph, plain light-gray background, high detail"
fold2,PS0100100101100670000000,82,515,669,"KORART, ancient Korean artifact, animal-shaped shape, made of earthenware clay, Gaya period, used for food and dining, museum quality photograph, plain light-gray background, high detail"
fold2,PS0100100101700116200000,82,1024,683,"KORART, ancient Korean artifact, animal-shaped shape, made of earthenware clay, Gaya period, used for food and dining, museum quality photograph, plain light-gray background, high detail"
fold2,PS0100100101101797600000,83,669,507,"KORART, ancient Korean artifact, animal-shaped shape, made of stone, Goryeo period, used for traditional science, museum quality photograph, plain light-gray background, high detail"
fold2,PS0100100100700663900000,84,1024,769,"KORART, ancient Korean artifact, animal-shaped shape, made of metal, Chinese period, used for social life, museum quality photograph, plain light-gray background, high detail"
fold2,PS0100100101700499700000,84,669,515,"KORART, ancient Korean artifact, animal-shaped shape, made of metal, Chinese period, used for social life, museum quality photograph, plain light-gray background, high detail"
fold2,PS0100100101101241100000,85,412,290,"KORART, ancient Korean artifact, animal-shaped shape, made of metal, Joseon period, used for household life, museum quality photograph, plain light-gray background, high detail"
fold2,PS0100100101101675000000,85,1024,683,"KORART, ancient Korean artifact, animal-shaped shape, made of metal, Joseon period, used for household life, museum quality photograph, plain light-gray background, high detail"
fold2,PS0100100101100433400000,85,669,515,"KORART, ancient Korean artifact, animal-shaped shape, made of metal, Joseon period, used for household life, museum quality photograph, plain light-gray background, high detail"
fold2,PS0100100100900197900000,85,1024,683,"KORART, ancient Korean artifact, animal-shaped shape, made of metal, Joseon period, used for household life, museum quality photograph, plain light-gray background, high detail"
fold2,PS0100100100500630900000,86,1024,683,"KORART, ancient Korean artifact, cylindrical shape, made of ceramic, Joseon period, used for religion and ritual, museum quality photograph, plain light-gray background, high detail"
fold2,PS0100100100500176400000,86,1024,769,"KORART, ancient Korean artifact, cylindrical shape, made of ceramic, Joseon period, used for religion and ritual, museum quality photograph, plain light-gray background, high detail"
fold2,PS0100100100500174800000,86,1024,768,"KORART, ancient Korean artifact, cylindrical shape, made of ceramic, Joseon period, used for religion and ritual, museum quality photograph, plain light-gray background, high detail"
fold2,PS0100100100500303800000,86,1024,739,"KORART, ancient Korean artifact, cylindrical shape, made of ceramic, Joseon period, used for religion and ritual, museum quality photograph, plain light-gray background, high detail"
fold2,PS0100100100500640000000,87,853,1024,"KORART, ancient Korean artifact, cylindrical shape, made of ceramic, Joseon period, used for household life, museum quality photograph, plain light-gray background, high detail"
fold2,PS0100100100600026200000,87,1024,769,"KORART, ancient Korean artifact, cylindrical shape, made of ceramic, Joseon period, used for household life, museum quality photograph, plain light-gray background, high detail"
fold2,PS0100100100600015800000,87,683,1024,"KORART, ancient Korean artifact, cylindrical shape, made of ceramic, Joseon period, used for household life, museum quality photograph, plain light-gray background, high detail"
fold2,PS0100100100500160900000,87,793,1024,"KORART, ancient Korean artifact, cylindrical shape, made of ceramic, Joseon period, used for household life, museum quality photograph, plain light-gray background, high detail"
fold2,PS0100100100101307700000,88,1024,769,"KORART, ancient Korean artifact, cylindrical shape, made of ceramic, Goryeo period, used for religion and ritual, museum quality photograph, plain light-gray background, high detail"
fold2,PS0100100101100034100000,88,669,515,"KORART, ancient Korean artifact, cylindrical shape, made of ceramic, Goryeo period, used for religion and ritual, museum quality photograph, plain light-gray background, high detail"
fold2,PS0100100100101308000000,88,1024,769,"KORART, ancient Korean artifact, cylindrical shape, made of ceramic, Goryeo period, used for religion and ritual, museum quality photograph, plain light-gray background, high detail"
fold2,PS0100100100101307900000,89,1024,769,"KORART, ancient Korean artifact, cylindrical shape, made of ceramic, Goryeo period, used for food and dining, museum quality photograph, plain light-gray background, high detail"
fold2,PS0100100100500108200000,89,769,1024,"KORART, ancient Korean artifact, cylindrical shape, made of ceramic, Goryeo period, used for food and dining, museum quality photograph, plain light-gray background, high detail"
fold2,PS0100100100500589000000,89,731,1024,"KORART, ancient Korean artifact, cylindrical shape, made of ceramic, Goryeo period, used for food and dining, museum quality photograph, plain light-gray background, high detail"
fold2,PS0100100100100257200000,89,1024,683,"KORART, ancient Korean artifact, cylindrical shape, made of ceramic, Goryeo period, used for food and dining, museum quality photograph, plain light-gray background, high detail"
fold2,PS0100100101100231900000,91,669,515,"KORART, ancient Korean artifact, cylindrical shape, made of metal, Silla period, used for religion and ritual, museum quality photograph, plain light-gray background, high detail"
fold2,PS0100100101100232000000,91,245,342,"KORART, ancient Korean artifact, cylindrical shape, made of metal, Silla period, used for religion and ritual, museum quality photograph, plain light-gray background, high detail"
fold2,PS0100100101700106500000,92,1024,683,"KORART, ancient Korean artifact, cylindrical shape, made of earthenware clay, Silla period, used for food and dining, museum quality photograph, plain light-gray background, high detail"
fold2,PS0100100101100508000000,92,1024,683,"KORART, ancient Korean artifact, cylindrical shape, made of earthenware clay, Silla period, used for food and dining, museum quality photograph, plain light-gray background, high detail"
fold2,PS0100100101101209600000,92,1024,683,"KORART, ancient Korean artifact, cylindrical shape, made of earthenware clay, Silla period, used for food and dining, museum quality photograph, plain light-gray background, high detail"
fold2,PS0100100102100226500000,92,1024,683,"KORART, ancient Korean artifact, cylindrical shape, made of earthenware clay, Silla period, used for food and dining, museum quality photograph, plain light-gray background, high detail"
fold2,PS0100100100300164500000,94,1024,768,"KORART, ancient Korean artifact, cylindrical shape, made of bone, horn or shell, Joseon period, used for household life, museum quality photograph, plain light-gray background, high detail"
fold2,PS0100100100300164300000,94,669,515,"KORART, ancient Korean artifact, cylindrical shape, made of bone, horn or shell, Joseon period, used for household life, museum quality photograph, plain light-gray background, high detail"
fold2,PS0100200100108389900000,94,683,1024,"KORART, ancient Korean artifact, cylindrical shape, made of bone, horn or shell, Joseon period, used for household life, museum quality photograph, plain light-gray background, high detail"
fold2,PS0100100100300239600000,95,683,1024,"KORART, ancient Korean artifact, cylindrical shape, made of wood, Joseon period, used for military use, museum quality photograph, plain light-gray background, high detail"
fold2,PS0100100101101238700000,95,411,289,"KORART, ancient Korean artifact, cylindrical shape, made of wood, Joseon period, used for military use, museum quality photograph, plain light-gray background, high detail"
fold2,PS0100100100300172800000,95,1024,683,"KORART, ancient Korean artifact, cylindrical shape, made of wood, Joseon period, used for military use, museum quality photograph, plain light-gray background, high detail"
fold2,PS0100100101100236200000,95,1024,768,"KORART, ancient Korean artifact, cylindrical shape, made of wood, Joseon period, used for military use, museum quality photograph, plain light-gray background, high detail"
fold2,PS0100100100100901000000,96,1024,683,"KORART, ancient Korean artifact, triangular shape, made of earthenware clay, Yayoi period, used for food and dining, museum quality photograph, plain light-gray background, high detail"
fold2,PS0100100100100900900000,96,1024,683,"KORART, ancient Korean artifact, triangular shape, made of earthenware clay, Yayoi period, used for food and dining, museum quality photograph, plain light-gray background, high detail"
fold2,PS0100100102102066600000,96,1024,683,"KORART, ancient Korean artifact, triangular shape, made of earthenware clay, Yayoi period, used for food and dining, museum quality photograph, plain light-gray background, high detail"
fold2,PS0100100102101790600000,96,1024,683,"KORART, ancient Korean artifact, triangular shape, made of earthenware clay, Yayoi period, used for food and dining, museum quality photograph, plain light-gray background, high detail"
fold2,PS0100100101100135700000,97,1024,683,"KORART, ancient Korean artifact, triangular shape, made of metal, Goryeo period, used for social life, museum quality photograph, plain light-gray background, high detail"
fold2,PS0100100100500053600000,97,1024,683,"KORART, ancient Korean artifact, triangular shape, made of metal, Goryeo period, used for social life, museum quality photograph, plain light-gray background, high detail"
fold2,PS0100100101100190800000,97,509,600,"KORART, ancient Korean artifact, triangular shape, made of metal, Goryeo period, used for social life, museum quality photograph, plain light-gray background, high detail"
fold2,PS0100100101102583600000,97,1024,683,"KORART, ancient Korean artifact, triangular shape, made of metal, Goryeo period, used for social life, museum quality photograph, plain light-gray background, high detail"
fold2,PS0100100100101397200000,100,1024,806,"KORART, ancient Korean artifact, rectangular shape, made of earthenware clay, Baekje period, used for household life, museum quality photograph, plain light-gray background, high detail"
fold2,PS0100100100101396900000,100,1024,859,"KORART, ancient Korean artifact, rectangular shape, made of earthenware clay, Baekje period, used for household life, museum quality photograph, plain light-gray background, high detail"
fold2,PS0100100100101396800000,100,1024,768,"KORART, ancient Korean artifact, rectangular shape, made of earthenware clay, Baekje period, used for household life, museum quality photograph, plain light-gray background, high detail"
fold2,PS0100100100101397100000,100,1024,683,"KORART, ancient Korean artifact, rectangular shape, made of earthenware clay, Baekje period, used for household life, museum quality photograph, plain light-gray background, high detail"
fold3,PS0100100100500306300000,1,683,1024,"KORART, ancient Korean artifact, geometric shape, made of ceramic, Goryeo period, used for social life, museum quality photograph, plain light-gray background, high detail"
fold3,PS0100100100500000800000,1,1024,683,"KORART, ancient Korean artifact, geometric shape, made of ceramic, Goryeo period, used for social life, museum quality photograph, plain light-gray background, high detail"
fold3,PS0100100100500050600000,1,1024,683,"KORART, ancient Korean artifact, geometric shape, made of ceramic, Goryeo period, used for social life, museum quality photograph, plain light-gray background, high detail"
fold3,PS0100100101100957900000,4,768,1024,"KORART, ancient Korean artifact, geometric shape, made of wood, Japanese colonial period, used for traditional science, museum quality photograph, plain light-gray background, high detail"
fold3,PS0100100101100958100000,4,669,515,"KORART, ancient Korean artifact, geometric shape, made of wood, Japanese colonial period, used for traditional science, museum quality photograph, plain light-gray background, high detail"
fold3,PS0100100101100958300000,4,1024,768,"KORART, ancient Korean artifact, geometric shape, made of wood, Japanese colonial period, used for traditional science, museum quality photograph, plain light-gray background, high detail"
fold3,PS0100100101105195100000,5,1024,768,"KORART, ancient Korean artifact, geometric shape, made of lacquer, Goryeo period, used for arts and culture, museum quality photograph, plain light-gray background, high detail"
fold3,PS0100100102102857000000,5,1024,683,"KORART, ancient Korean artifact, geometric shape, made of lacquer, Goryeo period, used for arts and culture, museum quality photograph, plain light-gray background, high detail"
fold3,PS0100100102102995300000,5,1024,683,"KORART, ancient Korean artifact, geometric shape, made of lacquer, Goryeo period, used for arts and culture, museum quality photograph, plain light-gray background, high detail"
fold3,PS0100100300100533300000,6,1024,672,"KORART, ancient Korean artifact, geometric shape, made of metal, Baekje period, used for social life, museum quality photograph, plain light-gray background, high detail"
fold3,PS0100100400700004500000,6,1024,683,"KORART, ancient Korean artifact, geometric shape, made of metal, Baekje period, used for social life, museum quality photograph, plain light-gray background, high detail"
fold3,PS0100100400700004400000,6,1024,683,"KORART, ancient Korean artifact, geometric shape, made of metal, Baekje period, used for social life, museum quality photograph, plain light-gray background, high detail"
fold3,PS0100100400700001300000,6,1024,683,"KORART, ancient Korean artifact, geometric shape, made of metal, Baekje period, used for social life, museum quality photograph, plain light-gray background, high detail"
fold3,PS0100100100100663000000,8,669,515,"KORART, ancient Korean artifact, round shape, made of earthenware clay, Tang period, used for household life, museum quality photograph, plain light-gray background, high detail"
fold3,PS0100100100100668100000,8,1024,683,"KORART, ancient Korean artifact, round shape, made of earthenware clay, Tang period, used for household life, museum quality photograph, plain light-gray background, high detail"
fold3,PS0100100102400043300000,9,1024,683,"KORART, ancient Korean artifact, round shape, made of ceramic, Goryeo period, used for food and dining, museum quality photograph, plain light-gray background, high detail"
fold3,PS0100100100100234700000,9,1024,682,"KORART, ancient Korean artifact, round shape, made of ceramic, Goryeo period, used for food and dining, museum quality photograph, plain light-gray background, high detail"
fold3,PS0100100100101013000000,9,1024,683,"KORART, ancient Korean artifact, round shape, made of ceramic, Goryeo period, used for food and dining, museum quality photograph, plain light-gray background, high detail"
fold3,PS0100100100100490600000,9,1024,757,"KORART, ancient Korean artifact, round shape, made of ceramic, Goryeo period, used for food and dining, museum quality photograph, plain light-gray background, high detail"
fold3,PS0100100101600997200000,11,1024,683,"KORART, ancient Korean artifact, round shape, made of wood, Joseon period, used for household life, museum quality photograph, plain light-gray background, high detail"
fold3,PS0100100100500278500000,11,1024,768,"KORART, ancient Korean artifact, round shape, made of wood, Joseon period, used for household life, museum quality photograph, plain light-gray background, high detail"
fold3,PS0100100100300238900000,11,1024,768,"KORART, ancient Korean artifact, round shape, made of wood, Joseon period, used for household life, museum quality photograph, plain light-gray background, high detail"
fold3,PS0100100100100425100000,12,1024,731,"KORART, ancient Korean artifact, round shape, made of metal, Goryeo period, used for traditional science, museum quality photograph, plain light-gray background, high detail"
fold3,PS0100100101104385300000,12,1024,683,"KORART, ancient Korean artifact, round shape, made of metal, Goryeo period, used for traditional science, museum quality photograph, plain light-gray background, high detail"
fold3,PS0100100100900193100000,12,1024,683,"KORART, ancient Korean artifact, round shape, made of metal, Goryeo period, used for traditional science, museum quality photograph, plain light-gray background, high detail"
fold3,PS0100100100100037100000,13,768,1024,"KORART, ancient Korean artifact, human-figure shape, made of metal, Goryeo period, used for religion and ritual, museum quality photograph, plain light-gray background, high detail"
fold3,PS0100100100500211600000,13,683,1024,"KORART, ancient Korean artifact, human-figure shape, made of metal, Goryeo period, used for religion and ritual, museum quality photograph, plain light-gray background, high detail"
fold3,PS0100100100500007100000,13,683,1024,"KORART, ancient Korean artifact, human-figure shape, made of metal, Goryeo period, used for religion and ritual, museum quality photograph, plain light-gray background, high detail"
fold3,PS0100100100500274600000,14,683,1024,"KORART, ancient Korean artifact, human-figure shape, made of stone, Unified Silla period, used for religion and ritual, museum quality photograph, plain light-gray background, high detail"
fold3,PS0100100100100195800000,14,853,1024,"KORART, ancient Korean artifact, human-figure shape, made of stone, Unified Silla period, used for religion and ritual, museum quality photograph, plain light-gray background, high detail"
fold3,PS0100100100100195900000,14,683,1024,"KORART, ancient Korean artifact, human-figure shape, made of stone, Unified Silla period, used for religion and ritual, museum quality photograph, plain light-gray background, high detail"
fold3,PS0100100100100195700000,14,683,1024,"KORART, ancient Korean artifact, human-figure shape, made of stone, Unified Silla period, used for religion and ritual, museum quality photograph, plain light-gray background, high detail"
fold3,PS0100100101101512700000,15,283,400,"KORART, ancient Korean artifact, human-figure shape, made of wood, Joseon period, used for religion and ritual, museum quality photograph, plain light-gray background, high detail"
fold3,PS0100100100500183100000,15,683,1024,"KORART, ancient Korean artifact, human-figure shape, made of wood, Joseon period, used for religion and ritual, museum quality photograph, plain light-gray background, high detail"
fold3,PS0100100102400429600000,15,768,1024,"KORART, ancient Korean artifact, human-figure shape, made of wood, Joseon period, used for religion and ritual, museum quality photograph, plain light-gray background, high detail"
fold3,PS0100100100101475200000,16,768,1024,"KORART, ancient Korean artifact, human-figure shape, made of metal, Unified Silla period, used for religion and ritual, museum quality photograph, plain light-gray background, high detail"
fold3,PS0100100100100519100000,16,768,1024,"KORART, ancient Korean artifact, human-figure shape, made of metal, Unified Silla period, used for religion and ritual, museum quality photograph, plain light-gray background, high detail"
fold3,PS0100100100101285300000,16,683,1024,"KORART, ancient Korean artifact, human-figure shape, made of metal, Unified Silla period, used for religion and ritual, museum quality photograph, plain light-gray background, high detail"
fold3,PS0100100100101475300000,16,768,1024,"KORART, ancient Korean artifact, human-figure shape, made of metal, Unified Silla period, used for religion and ritual, museum quality photograph, plain light-gray background, high detail"
fold3,PS0100100101100329800000,17,515,668,"KORART, ancient Korean artifact, human-figure shape, made of metal, Baekje period, used for religion and ritual, museum quality photograph, plain light-gray background, high detail"
fold3,PS0100100101100329900000,17,515,668,"KORART, ancient Korean artifact, human-figure shape, made of metal, Baekje period, used for religion and ritual, museum quality photograph, plain light-gray background, high detail"
fold3,PS0100100101200033500002,17,768,1024,"KORART, ancient Korean artifact, human-figure shape, made of metal, Baekje period, used for religion and ritual, museum quality photograph, plain light-gray background, high detail"
fold3,PS0100100101101866000000,18,669,515,"KORART, ancient Korean artifact, rectangular shape, made of ceramic, Goryeo period, used for household life, museum quality photograph, plain light-gray background, high detail"
fold3,PS0100100100100425700000,18,1024,731,"KORART, ancient Korean artifact, rectangular shape, made of ceramic, Goryeo period, used for household life, museum quality photograph, plain light-gray background, high detail"
fold3,PS0100100100500228600000,19,942,1024,"KORART, ancient Korean artifact, rectangular shape, made of textile, Joseon period, used for religion and ritual, museum quality photograph, plain light-gray background, high detail"
fold3,PS0100100101600935600000,19,1024,683,"KORART, ancient Korean artifact, rectangular shape, made of textile, Joseon period, used for religion and ritual, museum quality photograph, plain light-gray background, high detail"
fold3,PS0100100101100274300000,19,768,1024,"KORART, ancient Korean artifact, rectangular shape, made of textile, Joseon period, used for religion and ritual, museum quality photograph, plain light-gray background, high detail"
fold3,PS0100100101600858900000,19,1024,698,"KORART, ancient Korean artifact, rectangular shape, made of textile, Joseon period, used for religion and ritual, museum quality photograph, plain light-gray background, high detail"
fold3,PS0100100101600498800000,21,1024,180,"KORART, ancient Korean artifact, rectangular shape, made of paper, Joseon period, used for household life, museum quality photograph, plain light-gray background, high detail"
fold3,PS0100100101600855900000,21,1024,572,"KORART, ancient Korean artifact, rectangular shape, made of paper, Joseon period, used for household life, museum quality photograph, plain light-gray background, high detail"
fold3,PS0100100101700665600000,21,1024,682,"KORART, ancient Korean artifact, rectangular shape, made of paper, Joseon period, used for household life, museum quality photograph, plain light-gray background, high detail"
fold3,PS0100100100900261300000,22,811,1024,"KORART, ancient Korean artifact, rectangular shape, made of paper, Joseon period, used for arts and culture, museum quality photograph, plain light-gray background, high detail"
fold3,PS0100100100100650400000,22,669,515,"KORART, ancient Korean artifact, rectangular shape, made of paper, Joseon period, used for arts and culture, museum quality photograph, plain light-gray background, high detail"
fold3,PS0100100100500527900000,22,683,1024,"KORART, ancient Korean artifact, rectangular shape, made of paper, Joseon period, used for arts and culture, museum quality photograph, plain light-gray background, high detail"
fold3,PS0100100101700895300000,22,1024,683,"KORART, ancient Korean artifact, rectangular shape, made of paper, Joseon period, used for arts and culture, museum quality photograph, plain light-gray background, high detail"
fold3,PS0100100100900360700000,24,683,1024,"KORART, ancient Korean artifact, rectangular shape, made of paper, Joseon period, used for traditional science, museum quality photograph, plain light-gray background, high detail"
fold3,PS0100100101100050400000,24,717,1024,"KORART, ancient Korean artifact, rectangular shape, made of paper, Joseon period, used for traditional science, museum quality photograph, plain light-gray background, high detail"
fold3,PS0100100101101665300000,24,850,1024,"KORART, ancient Korean artifact, rectangular shape, made of paper, Joseon period, used for traditional science, museum quality photograph, plain light-gray background, high detail"
fold3,PS0100100101600968900000,24,1024,834,"KORART, ancient Korean artifact, rectangular shape, made of paper, Joseon period, used for traditional science, museum quality photograph, plain light-gray background, high detail"
fold3,PS0100100102002952100000,25,1024,782,"KORART, ancient Korean artifact, rectangular shape, made of glass or gemstone, Japanese colonial period, used for records and media, museum quality photograph, plain light-gray background, high detail"
fold3,PS0100100102001666100000,25,1024,853,"KORART, ancient Korean artifact, rectangular shape, made of glass or gemstone, Japanese colonial period, used for records and media, museum quality photograph, plain light-gray background, high detail"
fold3,PS0100100102001652400000,25,864,1024,"KORART, ancient Korean artifact, rectangular shape, made of glass or gemstone, Japanese colonial period, used for records and media, museum quality photograph, plain light-gray background, high detail"
fold3,PS0100100102003050100000,25,1024,763,"KORART, ancient Korean artifact, rectangular shape, made of glass or gemstone, Japanese colonial period, used for records and media, museum quality photograph, plain light-gray background, high detail"
fold3,PS0100100100100661400000,26,1024,768,"KORART, ancient Korean artifact, rectangular shape, made of glass or gemstone, Nangnang period, used for social life, museum quality photograph, plain light-gray background, high detail"
fold3,PS0100100100100664600000,26,669,515,"KORART, ancient Korean artifact, rectangular shape, made of glass or gemstone, Nangnang period, used for social life, museum quality photograph, plain light-gray background, high detail"
fold3,PS0100100100100658700000,26,1024,683,"KORART, ancient Korean artifact, rectangular shape, made of glass or gemstone, Nangnang period, used for social life, museum quality photograph, plain light-gray background, high detail"
fold3,PS0100100100500418200000,27,1024,683,"KORART, ancient Korean artifact, rectangular shape, made of bone, horn or shell, Joseon period, used for household life, museum quality photograph, plain light-gray background, high detail"
fold3,PS0100100100500128600000,27,1024,618,"KORART, ancient Korean artifact, rectangular shape, made of bone, horn or shell, Joseon period, used for household life, museum quality photograph, plain light-gray background, high detail"
fold3,PS0100100100500281500000,27,1024,740,"KORART, ancient Korean artifact, rectangular shape, made of bone, horn or shell, Joseon period, used for household life, museum quality photograph, plain light-gray background, high detail"
fold3,PS0100100101101428300000,28,1024,683,"KORART, ancient Korean artifact, rectangular shape, made of stone, Japanese colonial period, used for traditional science, museum quality photograph, plain light-gray background, high detail"
fold3,PS0100100101101428500000,28,683,1024,"KORART, ancient Korean artifact, rectangular shape, made of stone, Japanese colonial period, used for traditional science, museum quality photograph, plain light-gray background, high detail"
fold3,PS0100100101101431100000,28,1024,756,"KORART, ancient Korean artifact, rectangular shape, made of stone, Japanese colonial period, used for traditional science, museum quality photograph, plain light-gray background, high detail"
fold3,PS0100100100100405600000,29,826,1024,"KORART, ancient Korean artifact, rectangular shape, made of earthenware clay, Joseon period, used for arts and culture, museum quality photograph, plain light-gray background, high detail"
fold3,PS0100100100100404700000,29,768,1024,"KORART, ancient Korean artifact, rectangular shape, made of earthenware clay, Joseon period, used for arts and culture, museum quality photograph, plain light-gray background, high detail"
fold3,PS0100100100100406100000,29,1024,741,"KORART, ancient Korean artifact, rectangular shape, made of earthenware clay, Joseon period, used for arts and culture, museum quality photograph, plain light-gray background, high detail"
fold3,PS0100100100100336400000,30,1024,723,"KORART, ancient Korean artifact, rectangular shape, made of metal, Joseon period, used for traditional science, museum quality photograph, plain light-gray background, high detail"
fold3,PS0100100100100339300000,30,1024,769,"KORART, ancient Korean artifact, rectangular shape, made of metal, Joseon period, used for traditional science, museum quality photograph, plain light-gray background, high detail"
fold3,PS0100100100100336900000,30,1024,742,"KORART, ancient Korean artifact, rectangular shape, made of metal, Joseon period, used for traditional science, museum quality photograph, plain light-gray background, high detail"
fold3,PS0100100100100338500000,30,1024,768,"KORART, ancient Korean artifact, rectangular shape, made of metal, Joseon period, used for traditional science, museum quality photograph, plain light-gray background, high detail"
fold3,PS0100100100100970500000,31,1024,821,"KORART, ancient Korean artifact, animal-shaped shape, made of earthenware clay, Silla period, used for social life, museum quality photograph, plain light-gray background, high detail"
fold3,PS0100100100701487100000,32,811,1024,"KORART, ancient Korean artifact, animal-shaped shape, made of ceramic, Goryeo period, used for household life, museum quality photograph, plain light-gray background, high detail"
fold3,PS0100100100500555900000,32,1024,683,"KORART, ancient Korean artifact, animal-shaped shape, made of ceramic, Goryeo period, used for household life, museum quality photograph, plain light-gray background, high detail"
fold3,PS0100100100500618500000,32,1024,683,"KORART, ancient Korean artifact, animal-shaped shape, made of ceramic, Goryeo period, used for household life, museum quality photograph, plain light-gray background, high detail"
fold3,PS0100100100100659100000,33,1024,683,"KORART, ancient Korean artifact, animal-shaped shape, made of glass or gemstone, Nangnang period, used for social life, museum quality photograph, plain light-gray background, high detail"
fold3,PS0100100101100923800000,34,1024,769,"KORART, ancient Korean artifact, animal-shaped shape, made of stone, Joseon period, used for traditional science, museum quality photograph, plain light-gray background, high detail"
fold3,PS0100100101100923600000,34,669,515,"KORART, ancient Korean artifact, animal-shaped shape, made of stone, Joseon period, used for traditional science, museum quality photograph, plain light-gray background, high detail"
fold3,PS0100100100500435100000,34,1024,683,"KORART, ancient Korean artifact, animal-shaped shape, made of stone, Joseon period, used for traditional science, museum quality photograph, plain light-gray background, high detail"
fold3,PS0100100102400062200000,35,1024,683,"KORART, ancient Korean artifact, cylindrical shape, made of ceramic, Goryeo period, used for household life, museum quality photograph, plain light-gray background, high detail"
fold3,PS0100100100900126200000,35,1024,683,"KORART, ancient Korean artifact, cylindrical shape, made of ceramic, Goryeo period, used for household life, museum quality photograph, plain light-gray background, high detail"
fold3,PS0100100100100425500000,35,1024,683,"KORART, ancient Korean artifact, cylindrical shape, made of ceramic, Goryeo period, used for household life, museum quality photograph, plain light-gray background, high detail"
fold3,PS0100100100500142600000,36,1024,683,"KORART, ancient Korean artifact, cylindrical shape, made of ceramic, Joseon period, used for food and dining, museum quality photograph, plain light-gray background, high detail"
fold3,PS0100100101700692600000,36,1024,682,"KORART, ancient Korean artifact, cylindrical shape, made of ceramic, Joseon period, used for food and dining, museum quality photograph, plain light-gray background, high detail"
fold3,PS0100100100101125800000,36,1024,769,"KORART, ancient Korean artifact, cylindrical shape, made of ceramic, Joseon period, used for food and dining, museum quality photograph, plain light-gray background, high detail"
fold3,PS0100100100500081900000,36,1024,683,"KORART, ancient Korean artifact, cylindrical shape, made of ceramic, Joseon period, used for food and dining, museum quality photograph, plain light-gray background, high detail"
fold3,PS0100100101100632600000,37,1024,769,"KORART, ancient Korean artifact, cylindrical shape, made of metal, Joseon period, used for military use, museum quality photograph, plain light-gray background, high detail"
fold3,PS0100100100100019300000,37,669,515,"KORART, ancient Korean artifact, cylindrical shape, made of metal, Joseon period, used for military use, museum quality photograph, plain light-gray background, high detail"
fold3,PS0100100100500211400000,37,1024,769,"KORART, ancient Korean artifact, cylindrical shape, made of metal, Joseon period, used for military use, museum quality photograph, plain light-gray background, high detail"
fold3,PS0100100101102898400000,38,767,1024,"KORART, ancient Korean artifact, triangular shape, made of metal, Goguryeo period, used for military use, museum quality photograph, plain light-gray background, high detail"
fold3,PS0100100101103140500000,38,1024,683,"KORART, ancient Korean artifact, triangular shape, made of metal, Goguryeo period, used for military use, museum quality photograph, plain light-gray background, high detail"
fold3,PS0100100101103138800000,38,1024,683,"KORART, ancient Korean artifact, triangular shape, made of metal, Goguryeo period, used for military use, museum quality photograph, plain light-gray background, high detail"
fold3,PS0100100102100101300000,38,774,515,"KORART, ancient Korean artifact, triangular shape, made of metal, Goguryeo period, used for military use, museum quality photograph, plain light-gray background, high detail"
fold3,PS0100100101102271900000,39,1024,683,"KORART, ancient Korean artifact, triangular shape, made of earthenware clay, Neolithic period, used for food and dining, museum quality photograph, plain light-gray background, high detail"
fold3,PS0100100101102206200000,39,851,1024,"KORART, ancient Korean artifact, triangular shape, made of earthenware clay, Neolithic period, used for food and dining, museum quality photograph, plain light-gray background, high detail"
fold3,PS0100100100101388300000,40,1024,768,"KORART, ancient Korean artifact, triangular shape, made of stone, Bronze Age period, used for industry and livelihood, museum quality photograph, plain light-gray background, high detail"
fold3,PS0100101100100000100000,40,697,1024,"KORART, ancient Korean artifact, triangular shape, made of stone, Bronze Age period, used for industry and livelihood, museum quality photograph, plain light-gray background, high detail"
fold3,PS0100100102101713900000,40,1024,683,"KORART, ancient Korean artifact, triangular shape, made of stone, Bronze Age period, used for industry and livelihood, museum quality photograph, plain light-gray background, high detail"
fold3,PS0100100102400000500000,41,768,1024,"KORART, ancient Korean artifact, geometric shape, made of metal, Early Iron Age period, used for military use, museum quality photograph, plain light-gray background, high detail"
fold3,PS0100100102400312100000,41,683,1024,"KORART, ancient Korean artifact, geometric shape, made of metal, Early Iron Age period, used for military use, museum quality photograph, plain light-gray background, high detail"
fold3,PS0100100102400311900000,41,683,1024,"KORART, ancient Korean artifact, geometric shape, made of metal, Early Iron Age period, used for military use, museum quality photograph, plain light-gray background, high detail"
fold3,PS0100100102400310500000,41,1024,683,"KORART, ancient Korean artifact, geometric shape, made of metal, Early Iron Age period, used for military use, museum quality photograph, plain light-gray background, high detail"
fold3,PS0100100101700726000000,42,1024,769,"KORART, ancient Korean artifact, geometric shape, made of metal, Goryeo period, used for food and dining, museum quality photograph, plain light-gray background, high detail"
fold3,PS0100100101100218500000,42,801,1024,"KORART, ancient Korean artifact, geometric shape, made of metal, Goryeo period, used for food and dining, museum quality photograph, plain light-gray background, high detail"
fold3,PS0100100101100188500000,42,1024,769,"KORART, ancient Korean artifact, geometric shape, made of metal, Goryeo period, used for food and dining, museum quality photograph, plain light-gray background, high detail"
fold3,PS0100100100500013000000,42,1024,769,"KORART, ancient Korean artifact, geometric shape, made of metal, Goryeo period, used for food and dining, museum quality photograph, plain light-gray background, high detail"
fold3,PS0100100101101097200000,43,1024,768,"KORART, ancient Korean artifact, geometric shape, made of metal, Joseon period, used for traditional science, museum quality photograph, plain light-gray background, high detail"
fold3,PS0100100101100843400000,43,1024,768,"KORART, ancient Korean artifact, geometric shape, made of metal, Joseon period, used for traditional science, museum quality photograph, plain light-gray background, high detail"
fold3,PS0100100101500010600000,44,1024,731,"KORART, ancient Korean artifact, geometric shape, made of metal, modern period, used for arts and culture, museum quality photograph, plain light-gray background, high detail"
fold3,PS0100100101500021600000,44,1024,731,"KORART, ancient Korean artifact, geometric shape, made of metal, modern period, used for arts and culture, museum quality photograph, plain light-gray background, high detail"
fold3,PS0100100101500002000000,44,1024,802,"KORART, ancient Korean artifact, geometric shape, made of metal, modern period, used for arts and culture, museum quality photograph, plain light-gray background, high detail"
fold3,PS0100101400000000100000,45,1024,683,"KORART, ancient Korean artifact, geometric shape, made of metal, Baekje period, used for household life, museum quality photograph, plain light-gray background, high detail"
fold3,PS0100100400700006500000,45,1024,683,"KORART, ancient Korean artifact, geometric shape, made of metal, Baekje period, used for household life, museum quality photograph, plain light-gray background, high detail"
fold3,PS0100100300100460700000,45,669,515,"KORART, ancient Korean artifact, geometric shape, made of metal, Baekje period, used for household life, museum quality photograph, plain light-gray background, high detail"
fold3,PS0100100400101677800000,45,1024,683,"KORART, ancient Korean artifact, geometric shape, made of metal, Baekje period, used for household life, museum quality photograph, plain light-gray background, high detail"
fold3,PS0100100101700819500000,46,1024,683,"KORART, ancient Korean artifact, geometric shape, made of wood, Joseon period, used for traditional science, museum quality photograph, plain light-gray background, high detail"
fold3,PS0100100101100958200000,46,669,515,"KORART, ancient Korean artifact, geometric shape, made of wood, Joseon period, used for traditional science, museum quality photograph, plain light-gray background, high detail"
fold3,PS0100100100300173200000,46,1024,818,"KORART, ancient Korean artifact, geometric shape, made of wood, Joseon period, used for traditional science, museum quality photograph, plain light-gray background, high detail"
fold3,PS0100100101601003500000,46,1024,768,"KORART, ancient Korean artifact, geometric shape, made of wood, Joseon period, used for traditional science, museum quality photograph, plain light-gray background, high detail"
fold3,PS0100100101101572800000,47,669,515,"KORART, ancient Korean artifact, geometric shape, made of wood, Joseon period, used for religion and ritual, museum quality photograph, plain light-gray background, high detail"
fold3,PS0100100102400430200000,47,862,1024,"KORART, ancient Korean artifact, geometric shape, made of wood, Joseon period, used for religion and ritual, museum quality photograph, plain light-gray background, high detail"
fold3,PS0100100101101530600000,47,768,1024,"KORART, ancient Korean artifact, geometric shape, made of wood, Joseon period, used for religion and ritual, museum quality photograph, plain light-gray background, high detail"
fold3,PS0100100101101531100000,47,768,1024,"KORART, ancient Korean artifact, geometric shape, made of wood, Joseon period, used for religion and ritual, museum quality photograph, plain light-gray background, high detail"
fold3,PS0100100100600000900000,49,1024,769,"KORART, ancient Korean artifact, geometric shape, made of ceramic, Joseon period, used for traditional science, museum quality photograph, plain light-gray background, high detail"
fold3,PS0100100100900067100000,49,1024,683,"KORART, ancient Korean artifact, geometric shape, made of ceramic, Joseon period, used for traditional science, museum quality photograph, plain light-gray background, high detail"
fold3,PS0100100100101094200000,49,1024,683,"KORART, ancient Korean artifact, geometric shape, made of ceramic, Joseon period, used for traditional science, museum quality photograph, plain light-gray background, high detail"
fold3,PS0100100100500510500000,53,683,1024,"KORART, ancient Korean artifact, geometric shape, made of ceramic, Song period, used for food and dining, museum quality photograph, plain light-gray background, high detail"
fold3,PS0100100100500425600000,53,1024,769,"KORART, ancient Korean artifact, geometric shape, made of ceramic, Song period, used for food and dining, museum quality photograph, plain light-gray background, high detail"
fold3,PS0100100100500372500000,53,1024,768,"KORART, ancient Korean artifact, geometric shape, made of ceramic, Song period, used for food and dining, museum quality photograph, plain light-gray background, high detail"
fold3,PS0100100100500151500000,53,819,1024,"KORART, ancient Korean artifact, geometric shape, made of ceramic, Song period, used for food and dining, museum quality photograph, plain light-gray background, high detail"
fold3,PS0100100101102288700000,54,1024,811,"KORART, ancient Korean artifact, geometric shape, made of stone, Neolithic period, used for industry and livelihood, museum quality photograph, plain light-gray background, high detail"
fold3,PS0100100101102290900000,54,1024,769,"KORART, ancient Korean artifact, geometric shape, made of stone, Neolithic period, used for industry and livelihood, museum quality photograph, plain light-gray background, high detail"
fold3,PS0100100102101335700000,54,1024,683,"KORART, ancient Korean artifact, geometric shape, made of stone, Neolithic period, used for industry and livelihood, museum quality photograph, plain light-gray background, high detail"
fold3,PS0100100101103931800000,54,1024,683,"KORART, ancient Korean artifact, geometric shape, made of stone, Neolithic period, used for industry and livelihood, museum quality photograph, plain light-gray background, high detail"
fold3,PS0100100100100383000000,56,1024,683,"KORART, ancient Korean artifact, geometric shape, made of earthenware clay, Chinese period, used for food and dining, museum quality photograph, plain light-gray background, high detail"
fold3,PS0100100101100080500000,56,1024,683,"KORART, ancient Korean artifact, geometric shape, made of earthenware clay, Chinese period, used for food and dining, museum quality photograph, plain light-gray background, high detail"
fold3,PS0100100102100735000000,56,1024,683,"KORART, ancient Korean artifact, geometric shape, made of earthenware clay, Chinese period, used for food and dining, museum quality photograph, plain light-gray background, high detail"
fold3,PS0100100102100735300000,56,1024,683,"KORART, ancient Korean artifact, geometric shape, made of earthenware clay, Chinese period, used for food and dining, museum quality photograph, plain light-gray background, high detail"
fold3,PS0100100100500265200000,57,669,515,"KORART, ancient Korean artifact, geometric shape, made of earthenware clay, Silla period, used for food and dining, museum quality photograph, plain light-gray background, high detail"
fold3,PS0100100101700358200000,57,1024,683,"KORART, ancient Korean artifact, geometric shape, made of earthenware clay, Silla period, used for food and dining, museum quality photograph, plain light-gray background, high detail"
fold3,PS0100100101700023300000,59,1024,683,"KORART, ancient Korean artifact, geometric shape, made of earthenware clay, Joseon period, used for household life, museum quality photograph, plain light-gray background, high detail"
fold3,PS0100100101700112300000,59,1024,683,"KORART, ancient Korean artifact, geometric shape, made of earthenware clay, Joseon period, used for household life, museum quality photograph, plain light-gray background, high detail"
fold3,PS0100100101700236600000,59,1024,683,"KORART, ancient Korean artifact, geometric shape, made of earthenware clay, Joseon period, used for household life, museum quality photograph, plain light-gray background, high detail"
fold3,PS0100100102102268300000,59,1024,683,"KORART, ancient Korean artifact, geometric shape, made of earthenware clay, Joseon period, used for household life, museum quality photograph, plain light-gray background, high detail"
fold3,PS0100100101100600400000,60,669,515,"KORART, ancient Korean artifact, round shape, made of metal, Joseon period, used for industry and livelihood, museum quality photograph, plain light-gray background, high detail"
fold3,PS0100100101101256400000,60,1024,769,"KORART, ancient Korean artifact, round shape, made of metal, Joseon period, used for industry and livelihood, museum quality photograph, plain light-gray background, high detail"
fold3,PS0100100101101256100000,60,1024,769,"KORART, ancient Korean artifact, round shape, made of metal, Joseon period, used for industry and livelihood, museum quality photograph, plain light-gray background, high detail"
fold3,PS0100100100300082100000,60,1024,683,"KORART, ancient Korean artifact, round shape, made of metal, Joseon period, used for industry and livelihood, museum quality photograph, plain light-gray background, high detail"
fold3,PS0100100101100012000000,63,1024,768,"KORART, ancient Korean artifact, round shape, made of metal, Silla period, used for food and dining, museum quality photograph, plain light-gray background, high detail"
fold3,PS0100100100101435700000,63,1024,768,"KORART, ancient Korean artifact, round shape, made of metal, Silla period, used for food and dining, museum quality photograph, plain light-gray background, high detail"
fold3,PS0100100100101435600000,63,1024,768,"KORART, ancient Korean artifact, round shape, made of metal, Silla period, used for food and dining, museum quality photograph, plain light-gray background, high detail"
fold3,PS0100100101100016500000,63,750,515,"KORART, ancient Korean artifact, round shape, made of metal, Silla period, used for food and dining, museum quality photograph, plain light-gray background, high detail"
fold3,PS0100100101700130000000,64,1024,682,"KORART, ancient Korean artifact, round shape, made of earthenware clay, Baekje period, used for food and dining, museum quality photograph, plain light-gray background, high detail"
fold3,PS0100100101104881500000,64,1024,683,"KORART, ancient Korean artifact, round shape, made of earthenware clay, Baekje period, used for food and dining, museum quality photograph, plain light-gray background, high detail"
fold3,PS0100100101104883500000,64,1024,683,"KORART, ancient Korean artifact, round shape, made of earthenware clay, Baekje period, used for food and dining, museum quality photograph, plain light-gray background, high detail"
fold3,PS0100100101300046800000,66,1024,768,"KORART, ancient Korean artifact, round shape, made of stone, Bronze Age period, used for industry and livelihood, museum quality photograph, plain light-gray background, high detail"
fold3,PS0100100101105110800000,66,1024,683,"KORART, ancient Korean artifact, round shape, made of stone, Bronze Age period, used for industry and livelihood, museum quality photograph, plain light-gray background, high detail"
fold3,PS0100100101105110700000,66,1024,682,"KORART, ancient Korean artifact, round shape, made of stone, Bronze Age period, used for industry and livelihood, museum quality photograph, plain light-gray background, high detail"
fold3,PS0100100102102077000000,66,1024,683,"KORART, ancient Korean artifact, round shape, made of stone, Bronze Age period, used for industry and livelihood, museum quality photograph, plain light-gray background, high detail"
fold3,PS0100100100500133200000,67,768,1024,"KORART, ancient Korean artifact, round shape, made of glass or gemstone, Goryeo period, used for food and dining, museum quality photograph, plain light-gray background, high detail"
fold3,PS0100100100500544300000,67,669,515,"KORART, ancient Korean artifact, round shape, made of glass or gemstone, Goryeo period, used for food and dining, museum quality photograph, plain light-gray background, high detail"
fold3,PS0100100100500506100000,67,669,516,"KORART, ancient Korean artifact, round shape, made of glass or gemstone, Goryeo period, used for food and dining, museum quality photograph, plain light-gray background, high detail"
fold3,PS0100100100500132100000,67,669,515,"KORART, ancient Korean artifact, round shape, made of glass or gemstone, Goryeo period, used for food and dining, museum quality photograph, plain light-gray background, high detail"
fold3,PS0100100100100658600000,68,1024,683,"KORART, ancient Korean artifact, round shape, made of glass or gemstone, Song period, used for social life, museum quality photograph, plain light-gray background, high detail"
fold3,PS0100100100100660400000,68,1024,769,"KORART, ancient Korean artifact, round shape, made of glass or gemstone, Song period, used for social life, museum quality photograph, plain light-gray background, high detail"
fold3,PS0100100101100049800000,69,1024,768,"KORART, ancient Korean artifact, round shape, made of bone, horn or shell, Joseon period, used for household life, museum quality photograph, plain light-gray background, high detail"
fold3,PS0100100100300155100000,69,1024,768,"KORART, ancient Korean artifact, round shape, made of bone, horn or shell, Joseon period, used for household life, museum quality photograph, plain light-gray background, high detail"
fold3,PS0100100100500129800000,69,1024,768,"KORART, ancient Korean artifact, round shape, made of bone, horn or shell, Joseon period, used for household life, museum quality photograph, plain light-gray background, high detail"
fold3,PS0100100101100060400000,69,1024,768,"KORART, ancient Korean artifact, round shape, made of bone, horn or shell, Joseon period, used for household life, museum quality photograph, plain light-gray background, high detail"
fold3,PS0100100100500554700000,71,659,1024,"KORART, ancient Korean artifact, human-figure shape, made of wood, Goryeo period, used for religion and ritual, museum quality photograph, plain light-gray background, high detail"
fold3,PS0100100100500225300000,71,683,1024,"KORART, ancient Korean artifact, human-figure shape, made of wood, Goryeo period, used for religion and ritual, museum quality photograph, plain light-gray background, high detail"
fold3,PS0100100100500119200000,71,768,1024,"KORART, ancient Korean artifact, human-figure shape, made of wood, Goryeo period, used for religion and ritual, museum quality photograph, plain light-gray background, high detail"
fold3,PS0100100100500288000000,71,669,515,"KORART, ancient Korean artifact, human-figure shape, made of wood, Goryeo period, used for religion and ritual, museum quality photograph, plain light-gray background, high detail"
fold3,PS0100100100100669000000,73,683,1024,"KORART, ancient Korean artifact, human-figure shape, made of stone, Tang period, used for religion and ritual, museum quality photograph, plain light-gray background, high detail"
fold3,PS0100100100500579200000,73,668,515,"KORART, ancient Korean artifact, human-figure shape, made of stone, Tang period, used for religion and ritual, museum quality photograph, plain light-gray background, high detail"
fold3,PS0100100100500468400000,73,683,1024,"KORART, ancient Korean artifact, human-figure shape, made of stone, Tang period, used for religion and ritual, museum quality photograph, plain light-gray background, high detail"
fold3,PS0100100101600442700000,73,1024,682,"KORART, ancient Korean artifact, human-figure shape, made of stone, Tang period, used for religion and ritual, museum quality photograph, plain light-gray background, high detail"
fold3,PS0100100101600443000000,75,1024,682,"KORART, ancient Korean artifact, human-figure shape, made of metal, Indian period, used for arts and culture, museum quality photograph, plain light-gray background, high detail"
fold3,PS0100100101600453900000,75,1024,682,"KORART, ancient Korean artifact, human-figure shape, made of metal, Indian period, used for arts and culture, museum quality photograph, plain light-gray background, high detail"
fold3,PS0100100101600454000000,75,1024,682,"KORART, ancient Korean artifact, human-figure shape, made of metal, Indian period, used for arts and culture, museum quality photograph, plain light-gray background, high detail"
fold3,PS0100100101600454100000,75,1024,682,"KORART, ancient Korean artifact, human-figure shape, made of metal, Indian period, used for arts and culture, museum quality photograph, plain light-gray background, high detail"
fold3,PS0100100100500404600000,76,1024,768,"KORART, ancient Korean artifact, human-figure shape, made of metal, Joseon period, used for religion and ritual, museum quality photograph, plain light-gray background, high detail"
fold3,PS0100100500100692300000,76,676,1024,"KORART, ancient Korean artifact, human-figure shape, made of metal, Joseon period, used for religion and ritual, museum quality photograph, plain light-gray background, high detail"
fold3,PS0100100101100452900000,76,768,1024,"KORART, ancient Korean artifact, human-figure shape, made of metal, Joseon period, used for religion and ritual, museum quality photograph, plain light-gray background, high detail"
fold3,PS0100100101100453000000,76,768,1024,"KORART, ancient Korean artifact, human-figure shape, made of metal, Joseon period, used for religion and ritual, museum quality photograph, plain light-gray background, high detail"
fold3,PS0100100101100332500000,77,515,669,"KORART, ancient Korean artifact, human-figure shape, made of ceramic, Goryeo period, used for food and dining, museum quality photograph, plain light-gray background, high detail"
fold3,PS0100100100500000700000,77,1024,769,"KORART, ancient Korean artifact, human-figure shape, made of ceramic, Goryeo period, used for food and dining, museum quality photograph, plain light-gray background, high detail"
fold3,PS0100100101600334800000,78,1024,768,"KORART, ancient Korean artifact, animal-shaped shape, made of ceramic, Tang period, used for social life, museum quality photograph, plain light-gray background, high detail"
fold3,PS0100100101600317800000,78,669,515,"KORART, ancient Korean artifact, animal-shaped shape, made of ceramic, Tang period, used for social life, museum quality photograph, plain light-gray background, high detail"
fold3,PS0100100101600334200000,78,683,1024,"KORART, ancient Korean artifact, animal-shaped shape, made of ceramic, Tang period, used for social life, museum quality photograph, plain light-gray background, high detail"
fold3,PS0100100101600334300000,78,683,1024,"KORART, ancient Korean artifact, animal-shaped shape, made of ceramic, Tang period, used for social life, museum quality photograph, plain light-gray background, high detail"
fold3,PS0100100100500186200000,79,1024,768,"KORART, ancient Korean artifact, animal-shaped shape, made of wood, Joseon period, used for industry and livelihood, museum quality photograph, plain light-gray background, high detail"
fold3,PS0100100101101672100000,79,669,515,"KORART, ancient Korean artifact, animal-shaped shape, made of wood, Joseon period, used for industry and livelihood, museum quality photograph, plain light-gray background, high detail"
fold3,PS0100100100300239700000,80,811,1024,"KORART, ancient Korean artifact, animal-shaped shape, made of wood, Joseon period, used for arts and culture, museum quality photograph, plain light-gray background, high detail"
fold3,PS0100100102400433200000,80,1024,769,"KORART, ancient Korean artifact, animal-shaped shape, made of wood, Joseon period, used for arts and culture, museum quality photograph, plain light-gray background, high detail"
fold3,PS0100100102400431200000,80,1024,768,"KORART, ancient Korean artifact, animal-shaped shape, made of wood, Joseon period, used for arts and culture, museum quality photograph, plain light-gray background, high detail"
fold3,PS0100100102400430100000,80,1024,834,"KORART, ancient Korean artifact, animal-shaped shape, made of wood, Joseon period, used for arts and culture, museum quality photograph, plain light-gray background, high detail"
fold3,PS0100100101100960000000,81,1024,768,"KORART, ancient Korean artifact, animal-shaped shape, made of wood, Japanese colonial period, used for religion and ritual, museum quality photograph, plain light-gray background, high detail"
fold3,PS0100100101100959900000,81,1024,768,"KORART, ancient Korean artifact, animal-shaped shape, made of wood, Japanese colonial period, used for religion and ritual, museum quality photograph, plain light-gray background, high detail"
fold3,PS0100100101100670000000,82,515,669,"KORART, ancient Korean artifact, animal-shaped shape, made of earthenware clay, Gaya period, used for food and dining, museum quality photograph, plain light-gray background, high detail"
fold3,PS0100100101700116200000,82,1024,683,"KORART, ancient Korean artifact, animal-shaped shape, made of earthenware clay, Gaya period, used for food and dining, museum quality photograph, plain light-gray background, high detail"
fold3,PS0100100101101797600000,83,669,507,"KORART, ancient Korean artifact, animal-shaped shape, made of stone, Goryeo period, used for traditional science, museum quality photograph, plain light-gray background, high detail"
fold3,PS0100100100700663900000,84,1024,769,"KORART, ancient Korean artifact, animal-shaped shape, made of metal, Chinese period, used for social life, museum quality photograph, plain light-gray background, high detail"
fold3,PS0100100101700499700000,84,669,515,"KORART, ancient Korean artifact, animal-shaped shape, made of metal, Chinese period, used for social life, museum quality photograph, plain light-gray background, high detail"
fold3,PS0100100101101241100000,85,412,290,"KORART, ancient Korean artifact, animal-shaped shape, made of metal, Joseon period, used for household life, museum quality photograph, plain light-gray background, high detail"
fold3,PS0100100101101675000000,85,1024,683,"KORART, ancient Korean artifact, animal-shaped shape, made of metal, Joseon period, used for household life, museum quality photograph, plain light-gray background, high detail"
fold3,PS0100100101100433400000,85,669,515,"KORART, ancient Korean artifact, animal-shaped shape, made of metal, Joseon period, used for household life, museum quality photograph, plain light-gray background, high detail"
fold3,PS0100100100900197900000,85,1024,683,"KORART, ancient Korean artifact, animal-shaped shape, made of metal, Joseon period, used for household life, museum quality photograph, plain light-gray background, high detail"
fold3,PS0100100100500630900000,86,1024,683,"KORART, ancient Korean artifact, cylindrical shape, made of ceramic, Joseon period, used for religion and ritual, museum quality photograph, plain light-gray background, high detail"
fold3,PS0100100100500176400000,86,1024,769,"KORART, ancient Korean artifact, cylindrical shape, made of ceramic, Joseon period, used for religion and ritual, museum quality photograph, plain light-gray background, high detail"
fold3,PS0100100100500174800000,86,1024,768,"KORART, ancient Korean artifact, cylindrical shape, made of ceramic, Joseon period, used for religion and ritual, museum quality photograph, plain light-gray background, high detail"
fold3,PS0100100100500303800000,86,1024,739,"KORART, ancient Korean artifact, cylindrical shape, made of ceramic, Joseon period, used for religion and ritual, museum quality photograph, plain light-gray background, high detail"
fold3,PS0100100100500640000000,87,853,1024,"KORART, ancient Korean artifact, cylindrical shape, made of ceramic, Joseon period, used for household life, museum quality photograph, plain light-gray background, high detail"
fold3,PS0100100100600026200000,87,1024,769,"KORART, ancient Korean artifact, cylindrical shape, made of ceramic, Joseon period, used for household life, museum quality photograph, plain light-gray background, high detail"
fold3,PS0100100100600015800000,87,683,1024,"KORART, ancient Korean artifact, cylindrical shape, made of ceramic, Joseon period, used for household life, museum quality photograph, plain light-gray background, high detail"
fold3,PS0100100100500160900000,87,793,1024,"KORART, ancient Korean artifact, cylindrical shape, made of ceramic, Joseon period, used for household life, museum quality photograph, plain light-gray background, high detail"
fold3,PS0100100100101307900000,89,1024,769,"KORART, ancient Korean artifact, cylindrical shape, made of ceramic, Goryeo period, used for food and dining, museum quality photograph, plain light-gray background, high detail"
fold3,PS0100100100500108200000,89,769,1024,"KORART, ancient Korean artifact, cylindrical shape, made of ceramic, Goryeo period, used for food and dining, museum quality photograph, plain light-gray background, high detail"
fold3,PS0100100100500589000000,89,731,1024,"KORART, ancient Korean artifact, cylindrical shape, made of ceramic, Goryeo period, used for food and dining, museum quality photograph, plain light-gray background, high detail"
fold3,PS0100100100100257200000,89,1024,683,"KORART, ancient Korean artifact, cylindrical shape, made of ceramic, Goryeo period, used for food and dining, museum quality photograph, plain light-gray background, high detail"
fold3,PS0100100100101307500000,90,1024,769,"KORART, ancient Korean artifact, cylindrical shape, made of metal, Goryeo period, used for food and dining, museum quality photograph, plain light-gray background, high detail"
fold3,PS0100100102400322500000,90,1024,683,"KORART, ancient Korean artifact, cylindrical shape, made of metal, Goryeo period, used for food and dining, museum quality photograph, plain light-gray background, high detail"
fold3,PS0100100102400330200000,90,1024,683,"KORART, ancient Korean artifact, cylindrical shape, made of metal, Goryeo period, used for food and dining, museum quality photograph, plain light-gray background, high detail"
fold3,PS0100100101700106500000,92,1024,683,"KORART, ancient Korean artifact, cylindrical shape, made of earthenware clay, Silla period, used for food and dining, museum quality photograph, plain light-gray background, high detail"
fold3,PS0100100101100508000000,92,1024,683,"KORART, ancient Korean artifact, cylindrical shape, made of earthenware clay, Silla period, used for food and dining, museum quality photograph, plain light-gray background, high detail"
fold3,PS0100100101101209600000,92,1024,683,"KORART, ancient Korean artifact, cylindrical shape, made of earthenware clay, Silla period, used for food and dining, museum quality photograph, plain light-gray background, high detail"
fold3,PS0100100102100226500000,92,1024,683,"KORART, ancient Korean artifact, cylindrical shape, made of earthenware clay, Silla period, used for food and dining, museum quality photograph, plain light-gray background, high detail"
fold3,PS0100100101100131800000,93,1024,768,"KORART, ancient Korean artifact, cylindrical shape, made of earthenware clay, Unified Silla period, used for social life, museum quality photograph, plain light-gray background, high detail"
fold3,PS0100100101100565500000,93,683,1024,"KORART, ancient Korean artifact, cylindrical shape, made of earthenware clay, Unified Silla period, used for social life, museum quality photograph, plain light-gray background, high detail"
fold3,PS0100100101100565400000,93,1024,683,"KORART, ancient Korean artifact, cylindrical shape, made of earthenware clay, Unified Silla period, used for social life, museum quality photograph, plain light-gray background, high detail"
fold3,PS0100100100900204600000,93,1024,683,"KORART, ancient Korean artifact, cylindrical shape, made of earthenware clay, Unified Silla period, used for social life, museum quality photograph, plain light-gray background, high detail"
fold3,PS0100100100300164500000,94,1024,768,"KORART, ancient Korean artifact, cylindrical shape, made of bone, horn or shell, Joseon period, used for household life, museum quality photograph, plain light-gray background, high detail"
fold3,PS0100100100300164300000,94,669,515,"KORART, ancient Korean artifact, cylindrical shape, made of bone, horn or shell, Joseon period, used for household life, museum quality photograph, plain light-gray background, high detail"
fold3,PS0100200100108389900000,94,683,1024,"KORART, ancient Korean artifact, cylindrical shape, made of bone, horn or shell, Joseon period, used for household life, museum quality photograph, plain light-gray background, high detail"
fold3,PS0100100100300239600000,95,683,1024,"KORART, ancient Korean artifact, cylindrical shape, made of wood, Joseon period, used for military use, museum quality photograph, plain light-gray background, high detail"
fold3,PS0100100101101238700000,95,411,289,"KORART, ancient Korean artifact, cylindrical shape, made of wood, Joseon period, used for military use, museum quality photograph, plain light-gray background, high detail"
fold3,PS0100100100300172800000,95,1024,683,"KORART, ancient Korean artifact, cylindrical shape, made of wood, Joseon period, used for military use, museum quality photograph, plain light-gray background, high detail"
fold3,PS0100100101100236200000,95,1024,768,"KORART, ancient Korean artifact, cylindrical shape, made of wood, Joseon period, used for military use, museum quality photograph, plain light-gray background, high detail"
fold3,PS0100100100100901000000,96,1024,683,"KORART, ancient Korean artifact, triangular shape, made of earthenware clay, Yayoi period, used for food and dining, museum quality photograph, plain light-gray background, high detail"
fold3,PS0100100100100900900000,96,1024,683,"KORART, ancient Korean artifact, triangular shape, made of earthenware clay, Yayoi period, used for food and dining, museum quality photograph, plain light-gray background, high detail"
fold3,PS0100100102102066600000,96,1024,683,"KORART, ancient Korean artifact, triangular shape, made of earthenware clay, Yayoi period, used for food and dining, museum quality photograph, plain light-gray background, high detail"
fold3,PS0100100102101790600000,96,1024,683,"KORART, ancient Korean artifact, triangular shape, made of earthenware clay, Yayoi period, used for food and dining, museum quality photograph, plain light-gray background, high detail"
fold3,PS0100100101100135700000,97,1024,683,"KORART, ancient Korean artifact, triangular shape, made of metal, Goryeo period, used for social life, museum quality photograph, plain light-gray background, high detail"
fold3,PS0100100100500053600000,97,1024,683,"KORART, ancient Korean artifact, triangular shape, made of metal, Goryeo period, used for social life, museum quality photograph, plain light-gray background, high detail"
fold3,PS0100100101100190800000,97,509,600,"KORART, ancient Korean artifact, triangular shape, made of metal, Goryeo period, used for social life, museum quality photograph, plain light-gray background, high detail"
fold3,PS0100100101102583600000,97,1024,683,"KORART, ancient Korean artifact, triangular shape, made of metal, Goryeo period, used for social life, museum quality photograph, plain light-gray background, high detail"
fold3,PS0100100101100309700000,98,1024,769,"KORART, ancient Korean artifact, triangular shape, made of stone, Bronze Age period, used for military use, museum quality photograph, plain light-gray background, high detail"
fold3,PS0100100101100354100000,98,669,515,"KORART, ancient Korean artifact, triangular shape, made of stone, Bronze Age period, used for military use, museum quality photograph, plain light-gray background, high detail"
fold3,PS0100100102400342800000,98,683,1024,"KORART, ancient Korean artifact, triangular shape, made of stone, Bronze Age period, used for military use, museum quality photograph, plain light-gray background, high detail"
fold3,PS0100100101103377600000,98,1024,683,"KORART, ancient Korean artifact, triangular shape, made of stone, Bronze Age period, used for military use, museum quality photograph, plain light-gray background, high detail"
fold3,PS0100100101100379300000,99,682,1024,"KORART, ancient Korean artifact, rectangular shape, made of ceramic, Joseon period, used for social life, museum quality photograph, plain light-gray background, high detail"
fold3,PS0100100101700592500000,99,1024,788,"KORART, ancient Korean artifact, rectangular shape, made of ceramic, Joseon period, used for social life, museum quality photograph, plain light-gray background, high detail"
fold3,PS0100100101101360500000,99,1024,691,"KORART, ancient Korean artifact, rectangular shape, made of ceramic, Joseon period, used for social life, museum quality photograph, plain light-gray background, high detail"
fold3,PS0100100101700894800000,99,1024,683,"KORART, ancient Korean artifact, rectangular shape, made of ceramic, Joseon period, used for social life, museum quality photograph, plain light-gray background, high detail"
fold3,PS0100100100101397200000,100,1024,806,"KORART, ancient Korean artifact, rectangular shape, made of earthenware clay, Baekje period, used for household life, museum quality photograph, plain light-gray background, high detail"
fold3,PS0100100100101396900000,100,1024,859,"KORART, ancient Korean artifact, rectangular shape, made of earthenware clay, Baekje period, used for household life, museum quality photograph, plain light-gray background, high detail"
fold3,PS0100100100101396800000,100,1024,768,"KORART, ancient Korean artifact, rectangular shape, made of earthenware clay, Baekje period, used for household life, museum quality photograph, plain light-gray background, high detail"
fold3,PS0100100100101397100000,100,1024,683,"KORART, ancient Korean artifact, rectangular shape, made of earthenware clay, Baekje period, used for household life, museum quality photograph, plain light-gray background, high detail"
fold4,PS0100100100500306300000,1,683,1024,"KORART, ancient Korean artifact, geometric shape, made of ceramic, Goryeo period, used for social life, museum quality photograph, plain light-gray background, high detail"
fold4,PS0100100100500000800000,1,1024,683,"KORART, ancient Korean artifact, geometric shape, made of ceramic, Goryeo period, used for social life, museum quality photograph, plain light-gray background, high detail"
fold4,PS0100100100500050600000,1,1024,683,"KORART, ancient Korean artifact, geometric shape, made of ceramic, Goryeo period, used for social life, museum quality photograph, plain light-gray background, high detail"
fold4,PS0100100101101155600000,2,768,1024,"KORART, ancient Korean artifact, geometric shape, made of earthenware clay, Bronze Age period, used for food and dining, museum quality photograph, plain light-gray background, high detail"
fold4,PS0100100100100966300000,3,796,1024,"KORART, ancient Korean artifact, geometric shape, made of metal, Silla period, used for clothing and adornment, museum quality photograph, plain light-gray background, high detail"
fold4,PS0100100100101432100000,3,1024,683,"KORART, ancient Korean artifact, geometric shape, made of metal, Silla period, used for clothing and adornment, museum quality photograph, plain light-gray background, high detail"
fold4,PS0100100100101432000000,3,746,1024,"KORART, ancient Korean artifact, geometric shape, made of metal, Silla period, used for clothing and adornment, museum quality photograph, plain light-gray background, high detail"
fold4,PS0100100100100625500000,3,1024,857,"KORART, ancient Korean artifact, geometric shape, made of metal, Silla period, used for clothing and adornment, museum quality photograph, plain light-gray background, high detail"
fold4,PS0100100101100957900000,4,768,1024,"KORART, ancient Korean artifact, geometric shape, made of wood, Japanese colonial period, used for traditional science, museum quality photograph, plain light-gray background, high detail"
fold4,PS0100100101100958100000,4,669,515,"KORART, ancient Korean artifact, geometric shape, made of wood, Japanese colonial period, used for traditional science, museum quality photograph, plain light-gray background, high detail"
fold4,PS0100100101100958300000,4,1024,768,"KORART, ancient Korean artifact, geometric shape, made of wood, Japanese colonial period, used for traditional science, museum quality photograph, plain light-gray background, high detail"
fold4,PS0100100300100533300000,6,1024,672,"KORART, ancient Korean artifact, geometric shape, made of metal, Baekje period, used for social life, museum quality photograph, plain light-gray background, high detail"
fold4,PS0100100400700004500000,6,1024,683,"KORART, ancient Korean artifact, geometric shape, made of metal, Baekje period, used for social life, museum quality photograph, plain light-gray background, high detail"
fold4,PS0100100400700004400000,6,1024,683,"KORART, ancient Korean artifact, geometric shape, made of metal, Baekje period, used for social life, museum quality photograph, plain light-gray background, high detail"
fold4,PS0100100400700001300000,6,1024,683,"KORART, ancient Korean artifact, geometric shape, made of metal, Baekje period, used for social life, museum quality photograph, plain light-gray background, high detail"
fold4,PS0100100101600219800000,7,1024,827,"KORART, ancient Korean artifact, round shape, made of metal, Goryeo period, used for household life, museum quality photograph, plain light-gray background, high detail"
fold4,PS0100100100500028700000,7,1024,802,"KORART, ancient Korean artifact, round shape, made of metal, Goryeo period, used for household life, museum quality photograph, plain light-gray background, high detail"
fold4,PS0100100100100663000000,8,669,515,"KORART, ancient Korean artifact, round shape, made of earthenware clay, Tang period, used for household life, museum quality photograph, plain light-gray background, high detail"
fold4,PS0100100100100668100000,8,1024,683,"KORART, ancient Korean artifact, round shape, made of earthenware clay, Tang period, used for household life, museum quality photograph, plain light-gray background, high detail"
fold4,PS0100100102400043300000,9,1024,683,"KORART, ancient Korean artifact, round shape, made of ceramic, Goryeo period, used for food and dining, museum quality photograph, plain light-gray background, high detail"
fold4,PS0100100100100234700000,9,1024,682,"KORART, ancient Korean artifact, round shape, made of ceramic, Goryeo period, used for food and dining, museum quality photograph, plain light-gray background, high detail"
fold4,PS0100100100101013000000,9,1024,683,"KORART, ancient Korean artifact, round shape, made of ceramic, Goryeo period, used for food and dining, museum quality photograph, plain light-gray background, high detail"
fold4,PS0100100100100490600000,9,1024,757,"KORART, ancient Korean artifact, round shape, made of ceramic, Goryeo period, used for food and dining, museum quality photograph, plain light-gray background, high detail"
fold4,PS0100100101100076700000,10,800,570,"KORART, ancient Korean artifact, round shape, made of glass or gemstone, Unified Silla period, used for clothing and adornment, museum quality photograph, plain light-gray background, high detail"
fold4,PS0100100101600997200000,11,1024,683,"KORART, ancient Korean artifact, round shape, made of wood, Joseon period, used for household life, museum quality photograph, plain light-gray background, high detail"
fold4,PS0100100100500278500000,11,1024,768,"KORART, ancient Korean artifact, round shape, made of wood, Joseon period, used for household life, museum quality photograph, plain light-gray background, high detail"
fold4,PS0100100100300238900000,11,1024,768,"KORART, ancient Korean artifact, round shape, made of wood, Joseon period, used for household life, museum quality photograph, plain light-gray background, high detail"
fold4,PS0100100100100425100000,12,1024,731,"KORART, ancient Korean artifact, round shape, made of metal, Goryeo period, used for traditional science, museum quality photograph, plain light-gray background, high detail"
fold4,PS0100100101104385300000,12,1024,683,"KORART, ancient Korean artifact, round shape, made of metal, Goryeo period, used for traditional science, museum quality photograph, plain light-gray background, high detail"
fold4,PS0100100100900193100000,12,1024,683,"KORART, ancient Korean artifact, round shape, made of metal, Goryeo period, used for traditional science, museum quality photograph, plain light-gray background, high detail"
fold4,PS0100100100500274600000,14,683,1024,"KORART, ancient Korean artifact, human-figure shape, made of stone, Unified Silla period, used for religion and ritual, museum quality photograph, plain light-gray background, high detail"
fold4,PS0100100100100195800000,14,853,1024,"KORART, ancient Korean artifact, human-figure shape, made of stone, Unified Silla period, used for religion and ritual, museum quality photograph, plain light-gray background, high detail"
fold4,PS0100100100100195900000,14,683,1024,"KORART, ancient Korean artifact, human-figure shape, made of stone, Unified Silla period, used for religion and ritual, museum quality photograph, plain light-gray background, high detail"
fold4,PS0100100100100195700000,14,683,1024,"KORART, ancient Korean artifact, human-figure shape, made of stone, Unified Silla period, used for religion and ritual, museum quality photograph, plain light-gray background, high detail"
fold4,PS0100100101101512700000,15,283,400,"KORART, ancient Korean artifact, human-figure shape, made of wood, Joseon period, used for religion and ritual, museum quality photograph, plain light-gray background, high detail"
fold4,PS0100100100500183100000,15,683,1024,"KORART, ancient Korean artifact, human-figure shape, made of wood, Joseon period, used for religion and ritual, museum quality photograph, plain light-gray background, high detail"
fold4,PS0100100102400429600000,15,768,1024,"KORART, ancient Korean artifact, human-figure shape, made of wood, Joseon period, used for religion and ritual, museum quality photograph, plain light-gray background, high detail"
fold4,PS0100100100101475200000,16,768,1024,"KORART, ancient Korean artifact, human-figure shape, made of metal, Unified Silla period, used for religion and ritual, museum quality photograph, plain light-gray background, high detail"
fold4,PS0100100100100519100000,16,768,1024,"KORART, ancient Korean artifact, human-figure shape, made of metal, Unified Silla period, used for religion and ritual, museum quality photograph, plain light-gray background, high detail"
fold4,PS0100100100101285300000,16,683,1024,"KORART, ancient Korean artifact, human-figure shape, made of metal, Unified Silla period, used for religion and ritual, museum quality photograph, plain light-gray background, high detail"
fold4,PS0100100100101475300000,16,768,1024,"KORART, ancient Korean artifact, human-figure shape, made of metal, Unified Silla period, used for religion and ritual, museum quality photograph, plain light-gray background, high detail"
fold4,PS0100100101100329800000,17,515,668,"KORART, ancient Korean artifact, human-figure shape, made of metal, Baekje period, used for religion and ritual, museum quality photograph, plain light-gray background, high detail"
fold4,PS0100100101100329900000,17,515,668,"KORART, ancient Korean artifact, human-figure shape, made of metal, Baekje period, used for religion and ritual, museum quality photograph, plain light-gray background, high detail"
fold4,PS0100100101200033500002,17,768,1024,"KORART, ancient Korean artifact, human-figure shape, made of metal, Baekje period, used for religion and ritual, museum quality photograph, plain light-gray background, high detail"
fold4,PS0100100101101866000000,18,669,515,"KORART, ancient Korean artifact, rectangular shape, made of ceramic, Goryeo period, used for household life, museum quality photograph, plain light-gray background, high detail"
fold4,PS0100100100100425700000,18,1024,731,"KORART, ancient Korean artifact, rectangular shape, made of ceramic, Goryeo period, used for household life, museum quality photograph, plain light-gray background, high detail"
fold4,PS0100100100500228600000,19,942,1024,"KORART, ancient Korean artifact, rectangular shape, made of textile, Joseon period, used for religion and ritual, museum quality photograph, plain light-gray background, high detail"
fold4,PS0100100101600935600000,19,1024,683,"KORART, ancient Korean artifact, rectangular shape, made of textile, Joseon period, used for religion and ritual, museum quality photograph, plain light-gray background, high detail"
fold4,PS0100100101100274300000,19,768,1024,"KORART, ancient Korean artifact, rectangular shape, made of textile, Joseon period, used for religion and ritual, museum quality photograph, plain light-gray background, high detail"
fold4,PS0100100101600858900000,19,1024,698,"KORART, ancient Korean artifact, rectangular shape, made of textile, Joseon period, used for religion and ritual, museum quality photograph, plain light-gray background, high detail"
fold4,PS0100100101101146700000,20,328,178,"KORART, ancient Korean artifact, rectangular shape, made of textile, Joseon period, used for clothing and adornment, museum quality photograph, plain light-gray background, high detail"
fold4,PS0100100101601047800000,20,683,1024,"KORART, ancient Korean artifact, rectangular shape, made of textile, Joseon period, used for clothing and adornment, museum quality photograph, plain light-gray background, high detail"
fold4,PS0100100101700653700000,20,682,1024,"KORART, ancient Korean artifact, rectangular shape, made of textile, Joseon period, used for clothing and adornment, museum quality photograph, plain light-gray background, high detail"
fold4,PS0100100101600498800000,21,1024,180,"KORART, ancient Korean artifact, rectangular shape, made of paper, Joseon period, used for household life, museum quality photograph, plain light-gray background, high detail"
fold4,PS0100100101600855900000,21,1024,572,"KORART, ancient Korean artifact, rectangular shape, made of paper, Joseon period, used for household life, museum quality photograph, plain light-gray background, high detail"
fold4,PS0100100101700665600000,21,1024,682,"KORART, ancient Korean artifact, rectangular shape, made of paper, Joseon period, used for household life, museum quality photograph, plain light-gray background, high detail"
fold4,PS0100100100900261300000,22,811,1024,"KORART, ancient Korean artifact, rectangular shape, made of paper, Joseon period, used for arts and culture, museum quality photograph, plain light-gray background, high detail"
fold4,PS0100100100100650400000,22,669,515,"KORART, ancient Korean artifact, rectangular shape, made of paper, Joseon period, used for arts and culture, museum quality photograph, plain light-gray background, high detail"
fold4,PS0100100100500527900000,22,683,1024,"KORART, ancient Korean artifact, rectangular shape, made of paper, Joseon period, used for arts and culture, museum quality photograph, plain light-gray background, high detail"
fold4,PS0100100101700895300000,22,1024,683,"KORART, ancient Korean artifact, rectangular shape, made of paper, Joseon period, used for arts and culture, museum quality photograph, plain light-gray background, high detail"
fold4,PS0100100101600264700000,23,669,515,"KORART, ancient Korean artifact, rectangular shape, made of paper, Joseon period, used for social life, museum quality photograph, plain light-gray background, high detail"
fold4,PS0100100101200011100000,23,750,1024,"KORART, ancient Korean artifact, rectangular shape, made of paper, Joseon period, used for social life, museum quality photograph, plain light-gray background, high detail"
fold4,PS0100100101700630700000,23,1024,683,"KORART, ancient Korean artifact, rectangular shape, made of paper, Joseon period, used for social life, museum quality photograph, plain light-gray background, high detail"
fold4,PS0100100101700938100000,23,1024,683,"KORART, ancient Korean artifact, rectangular shape, made of paper, Joseon period, used for social life, museum quality photograph, plain light-gray background, high detail"
fold4,PS0100100100900360700000,24,683,1024,"KORART, ancient Korean artifact, rectangular shape, made of paper, Joseon period, used for traditional science, museum quality photograph, plain light-gray background, high detail"
fold4,PS0100100101100050400000,24,717,1024,"KORART, ancient Korean artifact, rectangular shape, made of paper, Joseon period, used for traditional science, museum quality photograph, plain light-gray background, high detail"
fold4,PS0100100101101665300000,24,850,1024,"KORART, ancient Korean artifact, rectangular shape, made of paper, Joseon period, used for traditional science, museum quality photograph, plain light-gray background, high detail"
fold4,PS0100100101600968900000,24,1024,834,"KORART, ancient Korean artifact, rectangular shape, made of paper, Joseon period, used for traditional science, museum quality photograph, plain light-gray background, high detail"
fold4,PS0100100100100661400000,26,1024,768,"KORART, ancient Korean artifact, rectangular shape, made of glass or gemstone, Nangnang period, used for social life, museum quality photograph, plain light-gray background, high detail"
fold4,PS0100100100100664600000,26,669,515,"KORART, ancient Korean artifact, rectangular shape, made of glass or gemstone, Nangnang period, used for social life, museum quality photograph, plain light-gray background, high detail"
fold4,PS0100100100100658700000,26,1024,683,"KORART, ancient Korean artifact, rectangular shape, made of glass or gemstone, Nangnang period, used for social life, museum quality photograph, plain light-gray background, high detail"
fold4,PS0100100100100970500000,31,1024,821,"KORART, ancient Korean artifact, animal-shaped shape, made of earthenware clay, Silla period, used for social life, museum quality photograph, plain light-gray background, high detail"
fold4,PS0100100100701487100000,32,811,1024,"KORART, ancient Korean artifact, animal-shaped shape, made of ceramic, Goryeo period, used for household life, museum quality photograph, plain light-gray background, high detail"
fold4,PS0100100100500555900000,32,1024,683,"KORART, ancient Korean artifact, animal-shaped shape, made of ceramic, Goryeo period, used for household life, museum quality photograph, plain light-gray background, high detail"
fold4,PS0100100100500618500000,32,1024,683,"KORART, ancient Korean artifact, animal-shaped shape, made of ceramic, Goryeo period, used for household life, museum quality photograph, plain light-gray background, high detail"
fold4,PS0100100100100659100000,33,1024,683,"KORART, ancient Korean artifact, animal-shaped shape, made of glass or gemstone, Nangnang period, used for social life, museum quality photograph, plain light-gray background, high detail"
fold4,PS0100100101100923800000,34,1024,769,"KORART, ancient Korean artifact, animal-shaped shape, made of stone, Joseon period, used for traditional science, museum quality photograph, plain light-gray background, high detail"
fold4,PS0100100101100923600000,34,669,515,"KORART, ancient Korean artifact, animal-shaped shape, made of stone, Joseon period, used for traditional science, museum quality photograph, plain light-gray background, high detail"
fold4,PS0100100100500435100000,34,1024,683,"KORART, ancient Korean artifact, animal-shaped shape, made of stone, Joseon period, used for traditional science, museum quality photograph, plain light-gray background, high detail"
fold4,PS0100100102400062200000,35,1024,683,"KORART, ancient Korean artifact, cylindrical shape, made of ceramic, Goryeo period, used for household life, museum quality photograph, plain light-gray background, high detail"
fold4,PS0100100100900126200000,35,1024,683,"KORART, ancient Korean artifact, cylindrical shape, made of ceramic, Goryeo period, used for household life, museum quality photograph, plain light-gray background, high detail"
fold4,PS0100100100100425500000,35,1024,683,"KORART, ancient Korean artifact, cylindrical shape, made of ceramic, Goryeo period, used for household life, museum quality photograph, plain light-gray background, high detail"
fold4,PS0100100101100632600000,37,1024,769,"KORART, ancient Korean artifact, cylindrical shape, made of metal, Joseon period, used for military use, museum quality photograph, plain light-gray background, high detail"
fold4,PS0100100100100019300000,37,669,515,"KORART, ancient Korean artifact, cylindrical shape, made of metal, Joseon period, used for military use, museum quality photograph, plain light-gray background, high detail"
fold4,PS0100100100500211400000,37,1024,769,"KORART, ancient Korean artifact, cylindrical shape, made of metal, Joseon period, used for military use, museum quality photograph, plain light-gray background, high detail"
fold4,PS0100100101102898400000,38,767,1024,"KORART, ancient Korean artifact, triangular shape, made of metal, Goguryeo period, used for military use, museum quality photograph, plain light-gray background, high detail"
fold4,PS0100100101103140500000,38,1024,683,"KORART, ancient Korean artifact, triangular shape, made of metal, Goguryeo period, used for military use, museum quality photograph, plain light-gray background, high detail"
fold4,PS0100100101103138800000,38,1024,683,"KORART, ancient Korean artifact, triangular shape, made of metal, Goguryeo period, used for military use, museum quality photograph, plain light-gray background, high detail"
fold4,PS0100100102100101300000,38,774,515,"KORART, ancient Korean artifact, triangular shape, made of metal, Goguryeo period, used for military use, museum quality photograph, plain light-gray background, high detail"
fold4,PS0100100100101388300000,40,1024,768,"KORART, ancient Korean artifact, triangular shape, made of stone, Bronze Age period, used for industry and livelihood, museum quality photograph, plain light-gray background, high detail"
fold4,PS0100101100100000100000,40,697,1024,"KORART, ancient Korean artifact, triangular shape, made of stone, Bronze Age period, used for industry and livelihood, museum quality photograph, plain light-gray background, high detail"
fold4,PS0100100102101713900000,40,1024,683,"KORART, ancient Korean artifact, triangular shape, made of stone, Bronze Age period, used for industry and livelihood, museum quality photograph, plain light-gray background, high detail"
fold4,PS0100100101700726000000,42,1024,769,"KORART, ancient Korean artifact, geometric shape, made of metal, Goryeo period, used for food and dining, museum quality photograph, plain light-gray background, high detail"
fold4,PS0100100101100218500000,42,801,1024,"KORART, ancient Korean artifact, geometric shape, made of metal, Goryeo period, used for food and dining, museum quality photograph, plain light-gray background, high detail"
fold4,PS0100100101100188500000,42,1024,769,"KORART, ancient Korean artifact, geometric shape, made of metal, Goryeo period, used for food and dining, museum quality photograph, plain light-gray background, high detail"
fold4,PS0100100100500013000000,42,1024,769,"KORART, ancient Korean artifact, geometric shape, made of metal, Goryeo period, used for food and dining, museum quality photograph, plain light-gray background, high detail"
fold4,PS0100100101101097200000,43,1024,768,"KORART, ancient Korean artifact, geometric shape, made of metal, Joseon period, used for traditional science, museum quality photograph, plain light-gray background, high detail"
fold4,PS0100100101100843400000,43,1024,768,"KORART, ancient Korean artifact, geometric shape, made of metal, Joseon period, used for traditional science, museum quality photograph, plain light-gray background, high detail"
fold4,PS0100100101500010600000,44,1024,731,"KORART, ancient Korean artifact, geometric shape, made of metal, modern period, used for arts and culture, museum quality photograph, plain light-gray background, high detail"
fold4,PS0100100101500021600000,44,1024,731,"KORART, ancient Korean artifact, geometric shape, made of metal, modern period, used for arts and culture, museum quality photograph, plain light-gray background, high detail"
fold4,PS0100100101500002000000,44,1024,802,"KORART, ancient Korean artifact, geometric shape, made of metal, modern period, used for arts and culture, museum quality photograph, plain light-gray background, high detail"
fold4,PS0100101400000000100000,45,1024,683,"KORART, ancient Korean artifact, geometric shape, made of metal, Baekje period, used for household life, museum quality photograph, plain light-gray background, high detail"
fold4,PS0100100400700006500000,45,1024,683,"KORART, ancient Korean artifact, geometric shape, made of metal, Baekje period, used for household life, museum quality photograph, plain light-gray background, high detail"
fold4,PS0100100300100460700000,45,669,515,"KORART, ancient Korean artifact, geometric shape, made of metal, Baekje period, used for household life, museum quality photograph, plain light-gray background, high detail"
fold4,PS0100100400101677800000,45,1024,683,"KORART, ancient Korean artifact, geometric shape, made of metal, Baekje period, used for household life, museum quality photograph, plain light-gray background, high detail"
fold4,PS0100100101700819500000,46,1024,683,"KORART, ancient Korean artifact, geometric shape, made of wood, Joseon period, used for traditional science, museum quality photograph, plain light-gray background, high detail"
fold4,PS0100100101100958200000,46,669,515,"KORART, ancient Korean artifact, geometric shape, made of wood, Joseon period, used for traditional science, museum quality photograph, plain light-gray background, high detail"
fold4,PS0100100100300173200000,46,1024,818,"KORART, ancient Korean artifact, geometric shape, made of wood, Joseon period, used for traditional science, museum quality photograph, plain light-gray background, high detail"
fold4,PS0100100101601003500000,46,1024,768,"KORART, ancient Korean artifact, geometric shape, made of wood, Joseon period, used for traditional science, museum quality photograph, plain light-gray background, high detail"
fold4,PS0100100101101572800000,47,669,515,"KORART, ancient Korean artifact, geometric shape, made of wood, Joseon period, used for religion and ritual, museum quality photograph, plain light-gray background, high detail"
fold4,PS0100100102400430200000,47,862,1024,"KORART, ancient Korean artifact, geometric shape, made of wood, Joseon period, used for religion and ritual, museum quality photograph, plain light-gray background, high detail"
fold4,PS0100100101101530600000,47,768,1024,"KORART, ancient Korean artifact, geometric shape, made of wood, Joseon period, used for religion and ritual, museum quality photograph, plain light-gray background, high detail"
fold4,PS0100100101101531100000,47,768,1024,"KORART, ancient Korean artifact, geometric shape, made of wood, Joseon period, used for religion and ritual, museum quality photograph, plain light-gray background, high detail"
fold4,PS0100100400700002100000,48,1024,683,"KORART, ancient Korean artifact, geometric shape, made of wood, Baekje period, used for social life, museum quality photograph, plain light-gray background, high detail"
fold4,PS0100100400700006100000,48,1024,683,"KORART, ancient Korean artifact, geometric shape, made of wood, Baekje period, used for social life, museum quality photograph, plain light-gray background, high detail"
fold4,PS0100100400700006200000,48,1024,683,"KORART, ancient Korean artifact, geometric shape, made of wood, Baekje period, used for social life, museum quality photograph, plain light-gray background, high detail"
fold4,PS0100100400700010400000,48,1024,683,"KORART, ancient Korean artifact, geometric shape, made of wood, Baekje period, used for social life, museum quality photograph, plain light-gray background, high detail"
fold4,PS0100100100900034400000,50,683,1024,"KORART, ancient Korean artifact, geometric shape, made of ceramic, Joseon period, used for household life, museum quality photograph, plain light-gray background, high detail"
fold4,PS0100100101100415000000,50,669,515,"KORART, ancient Korean artifact, geometric shape, made of ceramic, Joseon period, used for household life, museum quality photograph, plain light-gray background, high detail"
fold4,PS0100100100100247200000,50,1024,769,"KORART, ancient Korean artifact, geometric shape, made of ceramic, Joseon period, used for household life, museum quality photograph, plain light-gray background, high detail"
fold4,PS0100100101600442600000,51,1024,682,"KORART, ancient Korean artifact, geometric shape, made of ceramic, Qing period, used for food and dining, museum quality photograph, plain light-gray background, high detail"
fold4,PS0100100101600334500000,51,764,1024,"KORART, ancient Korean artifact, geometric shape, made of ceramic, Qing period, used for food and dining, museum quality photograph, plain light-gray background, high detail"
fold4,PS0100100101600426500000,51,682,1024,"KORART, ancient Korean artifact, geometric shape, made of ceramic, Qing period, used for food and dining, museum quality photograph, plain light-gray background, high detail"
fold4,PS0100100102400294800000,51,731,1024,"KORART, ancient Korean artifact, geometric shape, made of ceramic, Qing period, used for food and dining, museum quality photograph, plain light-gray background, high detail"
fold4,PS0100100101600284800000,52,817,1024,"KORART, ancient Korean artifact, geometric shape, made of ceramic, Yuan period, used for food and dining, museum quality photograph, plain light-gray background, high detail"
fold4,PS0100100100701382100000,52,769,1024,"KORART, ancient Korean artifact, geometric shape, made of ceramic, Yuan period, used for food and dining, museum quality photograph, plain light-gray background, high detail"
fold4,PS0100100100700667600000,52,769,1024,"KORART, ancient Korean artifact, geometric shape, made of ceramic, Yuan period, used for food and dining, museum quality photograph, plain light-gray background, high detail"
fold4,PS0100100100700669500000,52,768,1024,"KORART, ancient Korean artifact, geometric shape, made of ceramic, Yuan period, used for food and dining, museum quality photograph, plain light-gray background, high detail"
fold4,PS0100100100500510500000,53,683,1024,"KORART, ancient Korean artifact, geometric shape, made of ceramic, Song period, used for food and dining, museum quality photograph, plain light-gray background, high detail"
fold4,PS0100100100500425600000,53,1024,769,"KORART, ancient Korean artifact, geometric shape, made of ceramic, Song period, used for food and dining, museum quality photograph, plain light-gray background, high detail"
fold4,PS0100100100500372500000,53,1024,768,"KORART, ancient Korean artifact, geometric shape, made of ceramic, Song period, used for food and dining, museum quality photograph, plain light-gray background, high detail"
fold4,PS0100100100500151500000,53,819,1024,"KORART, ancient Korean artifact, geometric shape, made of ceramic, Song period, used for food and dining, museum quality photograph, plain light-gray background, high detail"
fold4,PS0100100101102288700000,54,1024,811,"KORART, ancient Korean artifact, geometric shape, made of stone, Neolithic period, used for industry and livelihood, museum quality photograph, plain light-gray background, high detail"
fold4,PS0100100101102290900000,54,1024,769,"KORART, ancient Korean artifact, geometric shape, made of stone, Neolithic period, used for industry and livelihood, museum quality photograph, plain light-gray background, high detail"
fold4,PS0100100102101335700000,54,1024,683,"KORART, ancient Korean artifact, geometric shape, made of stone, Neolithic period, used for industry and livelihood, museum quality photograph, plain light-gray background, high detail"
fold4,PS0100100101103931800000,54,1024,683,"KORART, ancient Korean artifact, geometric shape, made of stone, Neolithic period, used for industry and livelihood, museum quality photograph, plain light-gray background, high detail"
fold4,PS0100100101100055000000,55,784,1024,"KORART, ancient Korean artifact, geometric shape, made of stone, Unified Silla period, used for religion and ritual, museum quality photograph, plain light-gray background, high detail"
fold4,PS0100100101300096700000,55,980,669,"KORART, ancient Korean artifact, geometric shape, made of stone, Unified Silla period, used for religion and ritual, museum quality photograph, plain light-gray background, high detail"
fold4,PS0100100101100054900000,55,1024,867,"KORART, ancient Korean artifact, geometric shape, made of stone, Unified Silla period, used for religion and ritual, museum quality photograph, plain light-gray background, high detail"
fold4,PS0100100102100228900000,55,1024,683,"KORART, ancient Korean artifact, geometric shape, made of stone, Unified Silla period, used for religion and ritual, museum quality photograph, plain light-gray background, high detail"
fold4,PS0100100100100383000000,56,1024,683,"KORART, ancient Korean artifact, geometric shape, made of earthenware clay, Chinese period, used for food and dining, museum quality photograph, plain light-gray background, high detail"
fold4,PS0100100101100080500000,56,1024,683,"KORART, ancient Korean artifact, geometric shape, made of earthenware clay, Chinese period, used for food and dining, museum quality photograph, plain light-gray background, high detail"
fold4,PS0100100102100735000000,56,1024,683,"KORART, ancient Korean artifact, geometric shape, made of earthenware clay, Chinese period, used for food and dining, museum quality photograph, plain light-gray background, high detail"
fold4,PS0100100102100735300000,56,1024,683,"KORART, ancient Korean artifact, geometric shape, made of earthenware clay, Chinese period, used for food and dining, museum quality photograph, plain light-gray background, high detail"
fold4,PS0100100100500265200000,57,669,515,"KORART, ancient Korean artifact, geometric shape, made of earthenware clay, Silla period, used for food and dining, museum quality photograph, plain light-gray background, high detail"
fold4,PS0100100101700358200000,57,1024,683,"KORART, ancient Korean artifact, geometric shape, made of earthenware clay, Silla period, used for food and dining, museum quality photograph, plain light-gray background, high detail"
fold4,PS0100100101100117500000,58,1024,683,"KORART, ancient Korean artifact, geometric shape, made of earthenware clay, Joseon period, used for traditional science, museum quality photograph, plain light-gray background, high detail"
fold4,PS0100100100100644600000,58,1024,683,"KORART, ancient Korean artifact, geometric shape, made of earthenware clay, Joseon period, used for traditional science, museum quality photograph, plain light-gray background, high detail"
fold4,PS0100100101101251500000,58,1024,683,"KORART, ancient Korean artifact, geometric shape, made of earthenware clay, Joseon period, used for traditional science, museum quality photograph, plain light-gray background, high detail"
fold4,PS0100401000100045000000,58,1024,768,"KORART, ancient Korean artifact, geometric shape, made of earthenware clay, Joseon period, used for traditional science, museum quality photograph, plain light-gray background, high detail"
fold4,PS0100100101700023300000,59,1024,683,"KORART, ancient Korean artifact, geometric shape, made of earthenware clay, Joseon period, used for household life, museum quality photograph, plain light-gray background, high detail"
fold4,PS0100100101700112300000,59,1024,683,"KORART, ancient Korean artifact, geometric shape, made of earthenware clay, Joseon period, used for household life, museum quality photograph, plain light-gray background, high detail"
fold4,PS0100100101700236600000,59,1024,683,"KORART, ancient Korean artifact, geometric shape, made of earthenware clay, Joseon period, used for household life, museum quality photograph, plain light-gray background, high detail"
fold4,PS0100100102102268300000,59,1024,683,"KORART, ancient Korean artifact, geometric shape, made of earthenware clay, Joseon period, used for household life, museum quality photograph, plain light-gray background, high detail"
fold4,PS0100100101100600400000,60,669,515,"KORART, ancient Korean artifact, round shape, made of metal, Joseon period, used for industry and livelihood, museum quality photograph, plain light-gray background, high detail"
fold4,PS0100100101101256400000,60,1024,769,"KORART, ancient Korean artifact, round shape, made of metal, Joseon period, used for industry and livelihood, museum quality photograph, plain light-gray background, high detail"
fold4,PS0100100101101256100000,60,1024,769,"KORART, ancient Korean artifact, round shape, made of metal, Joseon period, used for industry and livelihood, museum quality photograph, plain light-gray background, high detail"
fold4,PS0100100100300082100000,60,1024,683,"KORART, ancient Korean artifact, round shape, made of metal, Joseon period, used for industry and livelihood, museum quality photograph, plain light-gray background, high detail"
fold4,PS0100100100300074700000,61,1024,769,"KORART, ancient Korean artifact, round shape, made of metal, Joseon period, used for social life, museum quality photograph, plain light-gray background, high detail"
fold4,PS0100100101104148300000,61,1024,683,"KORART, ancient Korean artifact, round shape, made of metal, Joseon period, used for social life, museum quality photograph, plain light-gray background, high detail"
fold4,PS0100100101101680800000,62,1024,683,"KORART, ancient Korean artifact, round shape, made of metal, Korean Empire period, used for social life, museum quality photograph, plain light-gray background, high detail"
fold4,PS0100100101101787200000,62,764,1024,"KORART, ancient Korean artifact, round shape, made of metal, Korean Empire period, used for social life, museum quality photograph, plain light-gray background, high detail"
fold4,PS0100100101101787000000,62,781,1024,"KORART, ancient Korean artifact, round shape, made of metal, Korean Empire period, used for social life, museum quality photograph, plain light-gray background, high detail"
fold4,PS0100101200108555800000,62,1024,683,"KORART, ancient Korean artifact, round shape, made of metal, Korean Empire period, used for social life, museum quality photograph, plain light-gray background, high detail"
fold4,PS0100100101100012000000,63,1024,768,"KORART, ancient Korean artifact, round shape, made of metal, Silla period, used for food and dining, museum quality photograph, plain light-gray background, high detail"
fold4,PS0100100100101435700000,63,1024,768,"KORART, ancient Korean artifact, round shape, made of metal, Silla period, used for food and dining, museum quality photograph, plain light-gray background, high detail"
fold4,PS0100100100101435600000,63,1024,768,"KORART, ancient Korean artifact, round shape, made of metal, Silla period, used for food and dining, museum quality photograph, plain light-gray background, high detail"
fold4,PS0100100101100016500000,63,750,515,"KORART, ancient Korean artifact, round shape, made of metal, Silla period, used for food and dining, museum quality photograph, plain light-gray background, high detail"
fold4,PS0100100100100903200000,65,1024,678,"KORART, ancient Korean artifact, round shape, made of earthenware clay, Kofun period, used for food and dining, museum quality photograph, plain light-gray background, high detail"
fold4,PS0100100100100903000000,65,1024,683,"KORART, ancient Korean artifact, round shape, made of earthenware clay, Kofun period, used for food and dining, museum quality photograph, plain light-gray background, high detail"
fold4,PS0100100100100897900000,65,1024,683,"KORART, ancient Korean artifact, round shape, made of earthenware clay, Kofun period, used for food and dining, museum quality photograph, plain light-gray background, high detail"
fold4,PS0100100101300046800000,66,1024,768,"KORART, ancient Korean artifact, round shape, made of stone, Bronze Age period, used for industry and livelihood, museum quality photograph, plain light-gray background, high detail"
fold4,PS0100100101105110800000,66,1024,683,"KORART, ancient Korean artifact, round shape, made of stone, Bronze Age period, used for industry and livelihood, museum quality photograph, plain light-gray background, high detail"
fold4,PS0100100101105110700000,66,1024,682,"KORART, ancient Korean artifact, round shape, made of stone, Bronze Age period, used for industry and livelihood, museum quality photograph, plain light-gray background, high detail"
fold4,PS0100100102102077000000,66,1024,683,"KORART, ancient Korean artifact, round shape, made of stone, Bronze Age period, used for industry and livelihood, museum quality photograph, plain light-gray background, high detail"
fold4,PS0100100100100658600000,68,1024,683,"KORART, ancient Korean artifact, round shape, made of glass or gemstone, Song period, used for social life, museum quality photograph, plain light-gray background, high detail"
fold4,PS0100100100100660400000,68,1024,769,"KORART, ancient Korean artifact, round shape, made of glass or gemstone, Song period, used for social life, museum quality photograph, plain light-gray background, high detail"
fold4,PS0100100101100049800000,69,1024,768,"KORART, ancient Korean artifact, round shape, made of bone, horn or shell, Joseon period, used for household life, museum quality photograph, plain light-gray background, high detail"
fold4,PS0100100100300155100000,69,1024,768,"KORART, ancient Korean artifact, round shape, made of bone, horn or shell, Joseon period, used for household life, museum quality photograph, plain light-gray background, high detail"
fold4,PS0100100100500129800000,69,1024,768,"KORART, ancient Korean artifact, round shape, made of bone, horn or shell, Joseon period, used for household life, museum quality photograph, plain light-gray background, high detail"
fold4,PS0100100101100060400000,69,1024,768,"KORART, ancient Korean artifact, round shape, made of bone, horn or shell, Joseon period, used for household life, museum quality photograph, plain light-gray background, high detail"
fold4,PS0100100101100961800000,70,1024,768,"KORART, ancient Korean artifact, human-figure shape, made of wood, Japanese colonial period, used for religion and ritual, museum quality photograph, plain light-gray background, high detail"
fold4,PS0100100101100961600000,70,768,1024,"KORART, ancient Korean artifact, human-figure shape, made of wood, Japanese colonial period, used for religion and ritual, museum quality photograph, plain light-gray background, high detail"
fold4,PS0100100101100961400000,70,769,1024,"KORART, ancient Korean artifact, human-figure shape, made of wood, Japanese colonial period, used for religion and ritual, museum quality photograph, plain light-gray background, high detail"
fold4,PS0100100101100961300000,70,515,669,"KORART, ancient Korean artifact, human-figure shape, made of wood, Japanese colonial period, used for religion and ritual, museum quality photograph, plain light-gray background, high detail"
fold4,PS0100100101200043500000,72,768,1024,"KORART, ancient Korean artifact, human-figure shape, made of stone, Baekje period, used for religion and ritual, museum quality photograph, plain light-gray background, high detail"
fold4,PS0100100101200042700000,72,468,600,"KORART, ancient Korean artifact, human-figure shape, made of stone, Baekje period, used for religion and ritual, museum quality photograph, plain light-gray background, high detail"
fold4,PS0100100101100264000000,72,811,1024,"KORART, ancient Korean artifact, human-figure shape, made of stone, Baekje period, used for religion and ritual, museum quality photograph, plain light-gray background, high detail"
fold4,PS0100100100101437000000,72,768,1024,"KORART, ancient Korean artifact, human-figure shape, made of stone, Baekje period, used for religion and ritual, museum quality photograph, plain light-gray background, high detail"
fold4,PS0100100101100137000000,74,448,593,"KORART, ancient Korean artifact, human-figure shape, made of stone, Goryeo period, used for religion and ritual, museum quality photograph, plain light-gray background, high detail"
fold4,PS0100100102400476100000,74,225,400,"KORART, ancient Korean artifact, human-figure shape, made of stone, Goryeo period, used for religion and ritual, museum quality photograph, plain light-gray background, high detail"
fold4,PS0100100101101208000000,74,769,1024,"KORART, ancient Korean artifact, human-figure shape, made of stone, Goryeo period, used for religion and ritual, museum quality photograph, plain light-gray background, high detail"
fold4,PS0100100100500403400000,74,1024,683,"KORART, ancient Korean artifact, human-figure shape, made of stone, Goryeo period, used for religion and ritual, museum quality photograph, plain light-gray background, high detail"
fold4,PS0100100101600443000000,75,1024,682,"KORART, ancient Korean artifact, human-figure shape, made of metal, Indian period, used for arts and culture, museum quality photograph, plain light-gray background, high detail"
fold4,PS0100100101600453900000,75,1024,682,"KORART, ancient Korean artifact, human-figure shape, made of metal, Indian period, used for arts and culture, museum quality photograph, plain light-gray background, high detail"
fold4,PS0100100101600454000000,75,1024,682,"KORART, ancient Korean artifact, human-figure shape, made of metal, Indian period, used for arts and culture, museum quality photograph, plain light-gray background, high detail"
fold4,PS0100100101600454100000,75,1024,682,"KORART, ancient Korean artifact, human-figure shape, made of metal, Indian period, used for arts and culture, museum quality photograph, plain light-gray background, high detail"
fold4,PS0100100100500404600000,76,1024,768,"KORART, ancient Korean artifact, human-figure shape, made of metal, Joseon period, used for religion and ritual, museum quality photograph, plain light-gray background, high detail"
fold4,PS0100100500100692300000,76,676,1024,"KORART, ancient Korean artifact, human-figure shape, made of metal, Joseon period, used for religion and ritual, museum quality photograph, plain light-gray background, high detail"
fold4,PS0100100101100452900000,76,768,1024,"KORART, ancient Korean artifact, human-figure shape, made of metal, Joseon period, used for religion and ritual, museum quality photograph, plain light-gray background, high detail"
fold4,PS0100100101100453000000,76,768,1024,"KORART, ancient Korean artifact, human-figure shape, made of metal, Joseon period, used for religion and ritual, museum quality photograph, plain light-gray background, high detail"
fold4,PS0100100101100332500000,77,515,669,"KORART, ancient Korean artifact, human-figure shape, made of ceramic, Goryeo period, used for food and dining, museum quality photograph, plain light-gray background, high detail"
fold4,PS0100100100500000700000,77,1024,769,"KORART, ancient Korean artifact, human-figure shape, made of ceramic, Goryeo period, used for food and dining, museum quality photograph, plain light-gray background, high detail"
fold4,PS0100100101600334800000,78,1024,768,"KORART, ancient Korean artifact, animal-shaped shape, made of ceramic, Tang period, used for social life, museum quality photograph, plain light-gray background, high detail"
fold4,PS0100100101600317800000,78,669,515,"KORART, ancient Korean artifact, animal-shaped shape, made of ceramic, Tang period, used for social life, museum quality photograph, plain light-gray background, high detail"
fold4,PS0100100101600334200000,78,683,1024,"KORART, ancient Korean artifact, animal-shaped shape, made of ceramic, Tang period, used for social life, museum quality photograph, plain light-gray background, high detail"
fold4,PS0100100101600334300000,78,683,1024,"KORART, ancient Korean artifact, animal-shaped shape, made of ceramic, Tang period, used for social life, museum quality photograph, plain light-gray background, high detail"
fold4,PS0100100100500186200000,79,1024,768,"KORART, ancient Korean artifact, animal-shaped shape, made of wood, Joseon period, used for industry and livelihood, museum quality photograph, plain light-gray background, high detail"
fold4,PS0100100101101672100000,79,669,515,"KORART, ancient Korean artifact, animal-shaped shape, made of wood, Joseon period, used for industry and livelihood, museum quality photograph, plain light-gray background, high detail"
fold4,PS0100100100300239700000,80,811,1024,"KORART, ancient Korean artifact, animal-shaped shape, made of wood, Joseon period, used for arts and culture, museum quality photograph, plain light-gray background, high detail"
fold4,PS0100100102400433200000,80,1024,769,"KORART, ancient Korean artifact, animal-shaped shape, made of wood, Joseon period, used for arts and culture, museum quality photograph, plain light-gray background, high detail"
fold4,PS0100100102400431200000,80,1024,768,"KORART, ancient Korean artifact, animal-shaped shape, made of wood, Joseon period, used for arts and culture, museum quality photograph, plain light-gray background, high detail"
fold4,PS0100100102400430100000,80,1024,834,"KORART, ancient Korean artifact, animal-shaped shape, made of wood, Joseon period, used for arts and culture, museum quality photograph, plain light-gray background, high detail"
fold4,PS0100100101100670000000,82,515,669,"KORART, ancient Korean artifact, animal-shaped shape, made of earthenware clay, Gaya period, used for food and dining, museum quality photograph, plain light-gray background, high detail"
fold4,PS0100100101700116200000,82,1024,683,"KORART, ancient Korean artifact, animal-shaped shape, made of earthenware clay, Gaya period, used for food and dining, museum quality photograph, plain light-gray background, high detail"
fold4,PS0100100101101797600000,83,669,507,"KORART, ancient Korean artifact, animal-shaped shape, made of stone, Goryeo period, used for traditional science, museum quality photograph, plain light-gray background, high detail"
fold4,PS0100100100500630900000,86,1024,683,"KORART, ancient Korean artifact, cylindrical shape, made of ceramic, Joseon period, used for religion and ritual, museum quality photograph, plain light-gray background, high detail"
fold4,PS0100100100500176400000,86,1024,769,"KORART, ancient Korean artifact, cylindrical shape, made of ceramic, Joseon period, used for religion and ritual, museum quality photograph, plain light-gray background, high detail"
fold4,PS0100100100500174800000,86,1024,768,"KORART, ancient Korean artifact, cylindrical shape, made of ceramic, Joseon period, used for religion and ritual, museum quality photograph, plain light-gray background, high detail"
fold4,PS0100100100500303800000,86,1024,739,"KORART, ancient Korean artifact, cylindrical shape, made of ceramic, Joseon period, used for religion and ritual, museum quality photograph, plain light-gray background, high detail"
fold4,PS0100100100101307600000,88,1024,769,"KORART, ancient Korean artifact, cylindrical shape, made of ceramic, Goryeo period, used for religion and ritual, museum quality photograph, plain light-gray background, high detail"
fold4,PS0100100100101307700000,88,1024,769,"KORART, ancient Korean artifact, cylindrical shape, made of ceramic, Goryeo period, used for religion and ritual, museum quality photograph, plain light-gray background, high detail"
fold4,PS0100100101100034100000,88,669,515,"KORART, ancient Korean artifact, cylindrical shape, made of ceramic, Goryeo period, used for religion and ritual, museum quality photograph, plain light-gray background, high detail"
fold4,PS0100100100101308000000,88,1024,769,"KORART, ancient Korean artifact, cylindrical shape, made of ceramic, Goryeo period, used for religion and ritual, museum quality photograph, plain light-gray background, high detail"
fold4,PS0100100100101307900000,89,1024,769,"KORART, ancient Korean artifact, cylindrical shape, made of ceramic, Goryeo period, used for food and dining, museum quality photograph, plain light-gray background, high detail"
fold4,PS0100100100500108200000,89,769,1024,"KORART, ancient Korean artifact, cylindrical shape, made of ceramic, Goryeo period, used for food and dining, museum quality photograph, plain light-gray background, high detail"
fold4,PS0100100100500589000000,89,731,1024,"KORART, ancient Korean artifact, cylindrical shape, made of ceramic, Goryeo period, used for food and dining, museum quality photograph, plain light-gray background, high detail"
fold4,PS0100100100100257200000,89,1024,683,"KORART, ancient Korean artifact, cylindrical shape, made of ceramic, Goryeo period, used for food and dining, museum quality photograph, plain light-gray background, high detail"
fold4,PS0100100100101307500000,90,1024,769,"KORART, ancient Korean artifact, cylindrical shape, made of metal, Goryeo period, used for food and dining, museum quality photograph, plain light-gray background, high detail"
fold4,PS0100100102400322500000,90,1024,683,"KORART, ancient Korean artifact, cylindrical shape, made of metal, Goryeo period, used for food and dining, museum quality photograph, plain light-gray background, high detail"
fold4,PS0100100102400330200000,90,1024,683,"KORART, ancient Korean artifact, cylindrical shape, made of metal, Goryeo period, used for food and dining, museum quality photograph, plain light-gray background, high detail"
fold4,PS0100100101100231900000,91,669,515,"KORART, ancient Korean artifact, cylindrical shape, made of metal, Silla period, used for religion and ritual, museum quality photograph, plain light-gray background, high detail"
fold4,PS0100100101100232000000,91,245,342,"KORART, ancient Korean artifact, cylindrical shape, made of metal, Silla period, used for religion and ritual, museum quality photograph, plain light-gray background, high detail"
fold4,PS0100100101100131800000,93,1024,768,"KORART, ancient Korean artifact, cylindrical shape, made of earthenware clay, Unified Silla period, used for social life, museum quality photograph, plain light-gray background, high detail"
fold4,PS0100100101100565500000,93,683,1024,"KORART, ancient Korean artifact, cylindrical shape, made of earthenware clay, Unified Silla period, used for social life, museum quality photograph, plain light-gray background, high detail"
fold4,PS0100100101100565400000,93,1024,683,"KORART, ancient Korean artifact, cylindrical shape, made of earthenware clay, Unified Silla period, used for social life, museum quality photograph, plain light-gray background, high detail"
fold4,PS0100100100900204600000,93,1024,683,"KORART, ancient Korean artifact, cylindrical shape, made of earthenware clay, Unified Silla period, used for social life, museum quality photograph, plain light-gray background, high detail"
fold4,PS0100100100300164500000,94,1024,768,"KORART, ancient Korean artifact, cylindrical shape, made of bone, horn or shell, Joseon period, used for household life, museum quality photograph, plain light-gray background, high detail"
fold4,PS0100100100300164300000,94,669,515,"KORART, ancient Korean artifact, cylindrical shape, made of bone, horn or shell, Joseon period, used for household life, museum quality photograph, plain light-gray background, high detail"
fold4,PS0100200100108389900000,94,683,1024,"KORART, ancient Korean artifact, cylindrical shape, made of bone, horn or shell, Joseon period, used for household life, museum quality photograph, plain light-gray background, high detail"
fold4,PS0100100100300239600000,95,683,1024,"KORART, ancient Korean artifact, cylindrical shape, made of wood, Joseon period, used for military use, museum quality photograph, plain light-gray background, high detail"
fold4,PS0100100101101238700000,95,411,289,"KORART, ancient Korean artifact, cylindrical shape, made of wood, Joseon period, used for military use, museum quality photograph, plain light-gray background, high detail"
fold4,PS0100100100300172800000,95,1024,683,"KORART, ancient Korean artifact, cylindrical shape, made of wood, Joseon period, used for military use, museum quality photograph, plain light-gray background, high detail"
fold4,PS0100100101100236200000,95,1024,768,"KORART, ancient Korean artifact, cylindrical shape, made of wood, Joseon period, used for military use, museum quality photograph, plain light-gray background, high detail"
fold4,PS0100100100100901000000,96,1024,683,"KORART, ancient Korean artifact, triangular shape, made of earthenware clay, Yayoi period, used for food and dining, museum quality photograph, plain light-gray background, high detail"
fold4,PS0100100100100900900000,96,1024,683,"KORART, ancient Korean artifact, triangular shape, made of earthenware clay, Yayoi period, used for food and dining, museum quality photograph, plain light-gray background, high detail"
fold4,PS0100100102102066600000,96,1024,683,"KORART, ancient Korean artifact, triangular shape, made of earthenware clay, Yayoi period, used for food and dining, museum quality photograph, plain light-gray background, high detail"
fold4,PS0100100102101790600000,96,1024,683,"KORART, ancient Korean artifact, triangular shape, made of earthenware clay, Yayoi period, used for food and dining, museum quality photograph, plain light-gray background, high detail"
fold4,PS0100100101100135700000,97,1024,683,"KORART, ancient Korean artifact, triangular shape, made of metal, Goryeo period, used for social life, museum quality photograph, plain light-gray background, high detail"
fold4,PS0100100100500053600000,97,1024,683,"KORART, ancient Korean artifact, triangular shape, made of metal, Goryeo period, used for social life, museum quality photograph, plain light-gray background, high detail"
fold4,PS0100100101100190800000,97,509,600,"KORART, ancient Korean artifact, triangular shape, made of metal, Goryeo period, used for social life, museum quality photograph, plain light-gray background, high detail"
fold4,PS0100100101102583600000,97,1024,683,"KORART, ancient Korean artifact, triangular shape, made of metal, Goryeo period, used for social life, museum quality photograph, plain light-gray background, high detail"
fold4,PS0100100101100309700000,98,1024,769,"KORART, ancient Korean artifact, triangular shape, made of stone, Bronze Age period, used for military use, museum quality photograph, plain light-gray background, high detail"
fold4,PS0100100101100354100000,98,669,515,"KORART, ancient Korean artifact, triangular shape, made of stone, Bronze Age period, used for military use, museum quality photograph, plain light-gray background, high detail"
fold4,PS0100100102400342800000,98,683,1024,"KORART, ancient Korean artifact, triangular shape, made of stone, Bronze Age period, used for military use, museum quality photograph, plain light-gray background, high detail"
fold4,PS0100100101103377600000,98,1024,683,"KORART, ancient Korean artifact, triangular shape, made of stone, Bronze Age period, used for military use, museum quality photograph, plain light-gray background, high detail"
fold4,PS0100100101100379300000,99,682,1024,"KORART, ancient Korean artifact, rectangular shape, made of ceramic, Joseon period, used for social life, museum quality photograph, plain light-gray background, high detail"
fold4,PS0100100101700592500000,99,1024,788,"KORART, ancient Korean artifact, rectangular shape, made of ceramic, Joseon period, used for social life, museum quality photograph, plain light-gray background, high detail"
fold4,PS0100100101101360500000,99,1024,691,"KORART, ancient Korean artifact, rectangular shape, made of ceramic, Joseon period, used for social life, museum quality photograph, plain light-gray background, high detail"
fold4,PS0100100101700894800000,99,1024,683,"KORART, ancient Korean artifact, rectangular shape, made of ceramic, Joseon period, used for social life, museum quality photograph, plain light-gray background, high detail"
fold4,PS0100100100101397200000,100,1024,806,"KORART, ancient Korean artifact, rectangular shape, made of earthenware clay, Baekje period, used for household life, museum quality photograph, plain light-gray background, high detail"
fold4,PS0100100100101396900000,100,1024,859,"KORART, ancient Korean artifact, rectangular shape, made of earthenware clay, Baekje period, used for household life, museum quality photograph, plain light-gray background, high detail"
fold4,PS0100100100101396800000,100,1024,768,"KORART, ancient Korean artifact, rectangular shape, made of earthenware clay, Baekje period, used for household life, museum quality photograph, plain light-gray background, high detail"
fold4,PS0100100100101397100000,100,1024,683,"KORART, ancient Korean artifact, rectangular shape, made of earthenware clay, Baekje period, used for household life, museum quality photograph, plain light-gray background, high detail"
all,PS0100100100500306300000,1,683,1024,"KORART, ancient Korean artifact, geometric shape, made of ceramic, Goryeo period, used for social life, museum quality photograph, plain light-gray background, high detail"
all,PS0100100100500000800000,1,1024,683,"KORART, ancient Korean artifact, geometric shape, made of ceramic, Goryeo period, used for social life, museum quality photograph, plain light-gray background, high detail"
all,PS0100100100500050600000,1,1024,683,"KORART, ancient Korean artifact, geometric shape, made of ceramic, Goryeo period, used for social life, museum quality photograph, plain light-gray background, high detail"
all,PS0100100101101155600000,2,768,1024,"KORART, ancient Korean artifact, geometric shape, made of earthenware clay, Bronze Age period, used for food and dining, museum quality photograph, plain light-gray background, high detail"
all,PS0100100100100966300000,3,796,1024,"KORART, ancient Korean artifact, geometric shape, made of metal, Silla period, used for clothing and adornment, museum quality photograph, plain light-gray background, high detail"
all,PS0100100100101432100000,3,1024,683,"KORART, ancient Korean artifact, geometric shape, made of metal, Silla period, used for clothing and adornment, museum quality photograph, plain light-gray background, high detail"
all,PS0100100100101432000000,3,746,1024,"KORART, ancient Korean artifact, geometric shape, made of metal, Silla period, used for clothing and adornment, museum quality photograph, plain light-gray background, high detail"
all,PS0100100100100625500000,3,1024,857,"KORART, ancient Korean artifact, geometric shape, made of metal, Silla period, used for clothing and adornment, museum quality photograph, plain light-gray background, high detail"
all,PS0100100101100957900000,4,768,1024,"KORART, ancient Korean artifact, geometric shape, made of wood, Japanese colonial period, used for traditional science, museum quality photograph, plain light-gray background, high detail"
all,PS0100100101100958100000,4,669,515,"KORART, ancient Korean artifact, geometric shape, made of wood, Japanese colonial period, used for traditional science, museum quality photograph, plain light-gray background, high detail"
all,PS0100100101100958300000,4,1024,768,"KORART, ancient Korean artifact, geometric shape, made of wood, Japanese colonial period, used for traditional science, museum quality photograph, plain light-gray background, high detail"
all,PS0100100101105195100000,5,1024,768,"KORART, ancient Korean artifact, geometric shape, made of lacquer, Goryeo period, used for arts and culture, museum quality photograph, plain light-gray background, high detail"
all,PS0100100102102857000000,5,1024,683,"KORART, ancient Korean artifact, geometric shape, made of lacquer, Goryeo period, used for arts and culture, museum quality photograph, plain light-gray background, high detail"
all,PS0100100102102995300000,5,1024,683,"KORART, ancient Korean artifact, geometric shape, made of lacquer, Goryeo period, used for arts and culture, museum quality photograph, plain light-gray background, high detail"
all,PS0100100300100533300000,6,1024,672,"KORART, ancient Korean artifact, geometric shape, made of metal, Baekje period, used for social life, museum quality photograph, plain light-gray background, high detail"
all,PS0100100400700004500000,6,1024,683,"KORART, ancient Korean artifact, geometric shape, made of metal, Baekje period, used for social life, museum quality photograph, plain light-gray background, high detail"
all,PS0100100400700004400000,6,1024,683,"KORART, ancient Korean artifact, geometric shape, made of metal, Baekje period, used for social life, museum quality photograph, plain light-gray background, high detail"
all,PS0100100400700001300000,6,1024,683,"KORART, ancient Korean artifact, geometric shape, made of metal, Baekje period, used for social life, museum quality photograph, plain light-gray background, high detail"
all,PS0100100101600219800000,7,1024,827,"KORART, ancient Korean artifact, round shape, made of metal, Goryeo period, used for household life, museum quality photograph, plain light-gray background, high detail"
all,PS0100100100500028700000,7,1024,802,"KORART, ancient Korean artifact, round shape, made of metal, Goryeo period, used for household life, museum quality photograph, plain light-gray background, high detail"
all,PS0100100100100663000000,8,669,515,"KORART, ancient Korean artifact, round shape, made of earthenware clay, Tang period, used for household life, museum quality photograph, plain light-gray background, high detail"
all,PS0100100100100668100000,8,1024,683,"KORART, ancient Korean artifact, round shape, made of earthenware clay, Tang period, used for household life, museum quality photograph, plain light-gray background, high detail"
all,PS0100100102400043300000,9,1024,683,"KORART, ancient Korean artifact, round shape, made of ceramic, Goryeo period, used for food and dining, museum quality photograph, plain light-gray background, high detail"
all,PS0100100100100234700000,9,1024,682,"KORART, ancient Korean artifact, round shape, made of ceramic, Goryeo period, used for food and dining, museum quality photograph, plain light-gray background, high detail"
all,PS0100100100101013000000,9,1024,683,"KORART, ancient Korean artifact, round shape, made of ceramic, Goryeo period, used for food and dining, museum quality photograph, plain light-gray background, high detail"
all,PS0100100100100490600000,9,1024,757,"KORART, ancient Korean artifact, round shape, made of ceramic, Goryeo period, used for food and dining, museum quality photograph, plain light-gray background, high detail"
all,PS0100100101100076700000,10,800,570,"KORART, ancient Korean artifact, round shape, made of glass or gemstone, Unified Silla period, used for clothing and adornment, museum quality photograph, plain light-gray background, high detail"
all,PS0100100101600997200000,11,1024,683,"KORART, ancient Korean artifact, round shape, made of wood, Joseon period, used for household life, museum quality photograph, plain light-gray background, high detail"
all,PS0100100100500278500000,11,1024,768,"KORART, ancient Korean artifact, round shape, made of wood, Joseon period, used for household life, museum quality photograph, plain light-gray background, high detail"
all,PS0100100100300238900000,11,1024,768,"KORART, ancient Korean artifact, round shape, made of wood, Joseon period, used for household life, museum quality photograph, plain light-gray background, high detail"
all,PS0100100100100425100000,12,1024,731,"KORART, ancient Korean artifact, round shape, made of metal, Goryeo period, used for traditional science, museum quality photograph, plain light-gray background, high detail"
all,PS0100100101104385300000,12,1024,683,"KORART, ancient Korean artifact, round shape, made of metal, Goryeo period, used for traditional science, museum quality photograph, plain light-gray background, high detail"
all,PS0100100100900193100000,12,1024,683,"KORART, ancient Korean artifact, round shape, made of metal, Goryeo period, used for traditional science, museum quality photograph, plain light-gray background, high detail"
all,PS0100100100100037100000,13,768,1024,"KORART, ancient Korean artifact, human-figure shape, made of metal, Goryeo period, used for religion and ritual, museum quality photograph, plain light-gray background, high detail"
all,PS0100100100500211600000,13,683,1024,"KORART, ancient Korean artifact, human-figure shape, made of metal, Goryeo period, used for religion and ritual, museum quality photograph, plain light-gray background, high detail"
all,PS0100100100500007100000,13,683,1024,"KORART, ancient Korean artifact, human-figure shape, made of metal, Goryeo period, used for religion and ritual, museum quality photograph, plain light-gray background, high detail"
all,PS0100100100500274600000,14,683,1024,"KORART, ancient Korean artifact, human-figure shape, made of stone, Unified Silla period, used for religion and ritual, museum quality photograph, plain light-gray background, high detail"
all,PS0100100100100195800000,14,853,1024,"KORART, ancient Korean artifact, human-figure shape, made of stone, Unified Silla period, used for religion and ritual, museum quality photograph, plain light-gray background, high detail"
all,PS0100100100100195900000,14,683,1024,"KORART, ancient Korean artifact, human-figure shape, made of stone, Unified Silla period, used for religion and ritual, museum quality photograph, plain light-gray background, high detail"
all,PS0100100100100195700000,14,683,1024,"KORART, ancient Korean artifact, human-figure shape, made of stone, Unified Silla period, used for religion and ritual, museum quality photograph, plain light-gray background, high detail"
all,PS0100100101101512700000,15,283,400,"KORART, ancient Korean artifact, human-figure shape, made of wood, Joseon period, used for religion and ritual, museum quality photograph, plain light-gray background, high detail"
all,PS0100100100500183100000,15,683,1024,"KORART, ancient Korean artifact, human-figure shape, made of wood, Joseon period, used for religion and ritual, museum quality photograph, plain light-gray background, high detail"
all,PS0100100102400429600000,15,768,1024,"KORART, ancient Korean artifact, human-figure shape, made of wood, Joseon period, used for religion and ritual, museum quality photograph, plain light-gray background, high detail"
all,PS0100100100101475200000,16,768,1024,"KORART, ancient Korean artifact, human-figure shape, made of metal, Unified Silla period, used for religion and ritual, museum quality photograph, plain light-gray background, high detail"
all,PS0100100100100519100000,16,768,1024,"KORART, ancient Korean artifact, human-figure shape, made of metal, Unified Silla period, used for religion and ritual, museum quality photograph, plain light-gray background, high detail"
all,PS0100100100101285300000,16,683,1024,"KORART, ancient Korean artifact, human-figure shape, made of metal, Unified Silla period, used for religion and ritual, museum quality photograph, plain light-gray background, high detail"
all,PS0100100100101475300000,16,768,1024,"KORART, ancient Korean artifact, human-figure shape, made of metal, Unified Silla period, used for religion and ritual, museum quality photograph, plain light-gray background, high detail"
all,PS0100100101100329800000,17,515,668,"KORART, ancient Korean artifact, human-figure shape, made of metal, Baekje period, used for religion and ritual, museum quality photograph, plain light-gray background, high detail"
all,PS0100100101100329900000,17,515,668,"KORART, ancient Korean artifact, human-figure shape, made of metal, Baekje period, used for religion and ritual, museum quality photograph, plain light-gray background, high detail"
all,PS0100100101200033500002,17,768,1024,"KORART, ancient Korean artifact, human-figure shape, made of metal, Baekje period, used for religion and ritual, museum quality photograph, plain light-gray background, high detail"
all,PS0100100101101866000000,18,669,515,"KORART, ancient Korean artifact, rectangular shape, made of ceramic, Goryeo period, used for household life, museum quality photograph, plain light-gray background, high detail"
all,PS0100100100100425700000,18,1024,731,"KORART, ancient Korean artifact, rectangular shape, made of ceramic, Goryeo period, used for household life, museum quality photograph, plain light-gray background, high detail"
all,PS0100100100500228600000,19,942,1024,"KORART, ancient Korean artifact, rectangular shape, made of textile, Joseon period, used for religion and ritual, museum quality photograph, plain light-gray background, high detail"
all,PS0100100101600935600000,19,1024,683,"KORART, ancient Korean artifact, rectangular shape, made of textile, Joseon period, used for religion and ritual, museum quality photograph, plain light-gray background, high detail"
all,PS0100100101100274300000,19,768,1024,"KORART, ancient Korean artifact, rectangular shape, made of textile, Joseon period, used for religion and ritual, museum quality photograph, plain light-gray background, high detail"
all,PS0100100101600858900000,19,1024,698,"KORART, ancient Korean artifact, rectangular shape, made of textile, Joseon period, used for religion and ritual, museum quality photograph, plain light-gray background, high detail"
all,PS0100100101101146700000,20,328,178,"KORART, ancient Korean artifact, rectangular shape, made of textile, Joseon period, used for clothing and adornment, museum quality photograph, plain light-gray background, high detail"
all,PS0100100101601047800000,20,683,1024,"KORART, ancient Korean artifact, rectangular shape, made of textile, Joseon period, used for clothing and adornment, museum quality photograph, plain light-gray background, high detail"
all,PS0100100101700653700000,20,682,1024,"KORART, ancient Korean artifact, rectangular shape, made of textile, Joseon period, used for clothing and adornment, museum quality photograph, plain light-gray background, high detail"
all,PS0100100101600498800000,21,1024,180,"KORART, ancient Korean artifact, rectangular shape, made of paper, Joseon period, used for household life, museum quality photograph, plain light-gray background, high detail"
all,PS0100100101600855900000,21,1024,572,"KORART, ancient Korean artifact, rectangular shape, made of paper, Joseon period, used for household life, museum quality photograph, plain light-gray background, high detail"
all,PS0100100101700665600000,21,1024,682,"KORART, ancient Korean artifact, rectangular shape, made of paper, Joseon period, used for household life, museum quality photograph, plain light-gray background, high detail"
all,PS0100100100900261300000,22,811,1024,"KORART, ancient Korean artifact, rectangular shape, made of paper, Joseon period, used for arts and culture, museum quality photograph, plain light-gray background, high detail"
all,PS0100100100100650400000,22,669,515,"KORART, ancient Korean artifact, rectangular shape, made of paper, Joseon period, used for arts and culture, museum quality photograph, plain light-gray background, high detail"
all,PS0100100100500527900000,22,683,1024,"KORART, ancient Korean artifact, rectangular shape, made of paper, Joseon period, used for arts and culture, museum quality photograph, plain light-gray background, high detail"
all,PS0100100101700895300000,22,1024,683,"KORART, ancient Korean artifact, rectangular shape, made of paper, Joseon period, used for arts and culture, museum quality photograph, plain light-gray background, high detail"
all,PS0100100101600264700000,23,669,515,"KORART, ancient Korean artifact, rectangular shape, made of paper, Joseon period, used for social life, museum quality photograph, plain light-gray background, high detail"
all,PS0100100101200011100000,23,750,1024,"KORART, ancient Korean artifact, rectangular shape, made of paper, Joseon period, used for social life, museum quality photograph, plain light-gray background, high detail"
all,PS0100100101700630700000,23,1024,683,"KORART, ancient Korean artifact, rectangular shape, made of paper, Joseon period, used for social life, museum quality photograph, plain light-gray background, high detail"
all,PS0100100101700938100000,23,1024,683,"KORART, ancient Korean artifact, rectangular shape, made of paper, Joseon period, used for social life, museum quality photograph, plain light-gray background, high detail"
all,PS0100100100900360700000,24,683,1024,"KORART, ancient Korean artifact, rectangular shape, made of paper, Joseon period, used for traditional science, museum quality photograph, plain light-gray background, high detail"
all,PS0100100101100050400000,24,717,1024,"KORART, ancient Korean artifact, rectangular shape, made of paper, Joseon period, used for traditional science, museum quality photograph, plain light-gray background, high detail"
all,PS0100100101101665300000,24,850,1024,"KORART, ancient Korean artifact, rectangular shape, made of paper, Joseon period, used for traditional science, museum quality photograph, plain light-gray background, high detail"
all,PS0100100101600968900000,24,1024,834,"KORART, ancient Korean artifact, rectangular shape, made of paper, Joseon period, used for traditional science, museum quality photograph, plain light-gray background, high detail"
all,PS0100100102002952100000,25,1024,782,"KORART, ancient Korean artifact, rectangular shape, made of glass or gemstone, Japanese colonial period, used for records and media, museum quality photograph, plain light-gray background, high detail"
all,PS0100100102001666100000,25,1024,853,"KORART, ancient Korean artifact, rectangular shape, made of glass or gemstone, Japanese colonial period, used for records and media, museum quality photograph, plain light-gray background, high detail"
all,PS0100100102001652400000,25,864,1024,"KORART, ancient Korean artifact, rectangular shape, made of glass or gemstone, Japanese colonial period, used for records and media, museum quality photograph, plain light-gray background, high detail"
all,PS0100100102003050100000,25,1024,763,"KORART, ancient Korean artifact, rectangular shape, made of glass or gemstone, Japanese colonial period, used for records and media, museum quality photograph, plain light-gray background, high detail"
all,PS0100100100100661400000,26,1024,768,"KORART, ancient Korean artifact, rectangular shape, made of glass or gemstone, Nangnang period, used for social life, museum quality photograph, plain light-gray background, high detail"
all,PS0100100100100664600000,26,669,515,"KORART, ancient Korean artifact, rectangular shape, made of glass or gemstone, Nangnang period, used for social life, museum quality photograph, plain light-gray background, high detail"
all,PS0100100100100658700000,26,1024,683,"KORART, ancient Korean artifact, rectangular shape, made of glass or gemstone, Nangnang period, used for social life, museum quality photograph, plain light-gray background, high detail"
all,PS0100100100500418200000,27,1024,683,"KORART, ancient Korean artifact, rectangular shape, made of bone, horn or shell, Joseon period, used for household life, museum quality photograph, plain light-gray background, high detail"
all,PS0100100100500128600000,27,1024,618,"KORART, ancient Korean artifact, rectangular shape, made of bone, horn or shell, Joseon period, used for household life, museum quality photograph, plain light-gray background, high detail"
all,PS0100100100500281500000,27,1024,740,"KORART, ancient Korean artifact, rectangular shape, made of bone, horn or shell, Joseon period, used for household life, museum quality photograph, plain light-gray background, high detail"
all,PS0100100101101428300000,28,1024,683,"KORART, ancient Korean artifact, rectangular shape, made of stone, Japanese colonial period, used for traditional science, museum quality photograph, plain light-gray background, high detail"
all,PS0100100101101428500000,28,683,1024,"KORART, ancient Korean artifact, rectangular shape, made of stone, Japanese colonial period, used for traditional science, museum quality photograph, plain light-gray background, high detail"
all,PS0100100101101431100000,28,1024,756,"KORART, ancient Korean artifact, rectangular shape, made of stone, Japanese colonial period, used for traditional science, museum quality photograph, plain light-gray background, high detail"
all,PS0100100100100405600000,29,826,1024,"KORART, ancient Korean artifact, rectangular shape, made of earthenware clay, Joseon period, used for arts and culture, museum quality photograph, plain light-gray background, high detail"
all,PS0100100100100404700000,29,768,1024,"KORART, ancient Korean artifact, rectangular shape, made of earthenware clay, Joseon period, used for arts and culture, museum quality photograph, plain light-gray background, high detail"
all,PS0100100100100406100000,29,1024,741,"KORART, ancient Korean artifact, rectangular shape, made of earthenware clay, Joseon period, used for arts and culture, museum quality photograph, plain light-gray background, high detail"
all,PS0100100100100336400000,30,1024,723,"KORART, ancient Korean artifact, rectangular shape, made of metal, Joseon period, used for traditional science, museum quality photograph, plain light-gray background, high detail"
all,PS0100100100100339300000,30,1024,769,"KORART, ancient Korean artifact, rectangular shape, made of metal, Joseon period, used for traditional science, museum quality photograph, plain light-gray background, high detail"
all,PS0100100100100336900000,30,1024,742,"KORART, ancient Korean artifact, rectangular shape, made of metal, Joseon period, used for traditional science, museum quality photograph, plain light-gray background, high detail"
all,PS0100100100100338500000,30,1024,768,"KORART, ancient Korean artifact, rectangular shape, made of metal, Joseon period, used for traditional science, museum quality photograph, plain light-gray background, high detail"
all,PS0100100100100970500000,31,1024,821,"KORART, ancient Korean artifact, animal-shaped shape, made of earthenware clay, Silla period, used for social life, museum quality photograph, plain light-gray background, high detail"
all,PS0100100100701487100000,32,811,1024,"KORART, ancient Korean artifact, animal-shaped shape, made of ceramic, Goryeo period, used for household life, museum quality photograph, plain light-gray background, high detail"
all,PS0100100100500555900000,32,1024,683,"KORART, ancient Korean artifact, animal-shaped shape, made of ceramic, Goryeo period, used for household life, museum quality photograph, plain light-gray background, high detail"
all,PS0100100100500618500000,32,1024,683,"KORART, ancient Korean artifact, animal-shaped shape, made of ceramic, Goryeo period, used for household life, museum quality photograph, plain light-gray background, high detail"
all,PS0100100100100659100000,33,1024,683,"KORART, ancient Korean artifact, animal-shaped shape, made of glass or gemstone, Nangnang period, used for social life, museum quality photograph, plain light-gray background, high detail"
all,PS0100100101100923800000,34,1024,769,"KORART, ancient Korean artifact, animal-shaped shape, made of stone, Joseon period, used for traditional science, museum quality photograph, plain light-gray background, high detail"
all,PS0100100101100923600000,34,669,515,"KORART, ancient Korean artifact, animal-shaped shape, made of stone, Joseon period, used for traditional science, museum quality photograph, plain light-gray background, high detail"
all,PS0100100100500435100000,34,1024,683,"KORART, ancient Korean artifact, animal-shaped shape, made of stone, Joseon period, used for traditional science, museum quality photograph, plain light-gray background, high detail"
all,PS0100100102400062200000,35,1024,683,"KORART, ancient Korean artifact, cylindrical shape, made of ceramic, Goryeo period, used for household life, museum quality photograph, plain light-gray background, high detail"
all,PS0100100100900126200000,35,1024,683,"KORART, ancient Korean artifact, cylindrical shape, made of ceramic, Goryeo period, used for household life, museum quality photograph, plain light-gray background, high detail"
all,PS0100100100100425500000,35,1024,683,"KORART, ancient Korean artifact, cylindrical shape, made of ceramic, Goryeo period, used for household life, museum quality photograph, plain light-gray background, high detail"
all,PS0100100100500142600000,36,1024,683,"KORART, ancient Korean artifact, cylindrical shape, made of ceramic, Joseon period, used for food and dining, museum quality photograph, plain light-gray background, high detail"
all,PS0100100101700692600000,36,1024,682,"KORART, ancient Korean artifact, cylindrical shape, made of ceramic, Joseon period, used for food and dining, museum quality photograph, plain light-gray background, high detail"
all,PS0100100100101125800000,36,1024,769,"KORART, ancient Korean artifact, cylindrical shape, made of ceramic, Joseon period, used for food and dining, museum quality photograph, plain light-gray background, high detail"
all,PS0100100100500081900000,36,1024,683,"KORART, ancient Korean artifact, cylindrical shape, made of ceramic, Joseon period, used for food and dining, museum quality photograph, plain light-gray background, high detail"
all,PS0100100101100632600000,37,1024,769,"KORART, ancient Korean artifact, cylindrical shape, made of metal, Joseon period, used for military use, museum quality photograph, plain light-gray background, high detail"
all,PS0100100100100019300000,37,669,515,"KORART, ancient Korean artifact, cylindrical shape, made of metal, Joseon period, used for military use, museum quality photograph, plain light-gray background, high detail"
all,PS0100100100500211400000,37,1024,769,"KORART, ancient Korean artifact, cylindrical shape, made of metal, Joseon period, used for military use, museum quality photograph, plain light-gray background, high detail"
all,PS0100100101102898400000,38,767,1024,"KORART, ancient Korean artifact, triangular shape, made of metal, Goguryeo period, used for military use, museum quality photograph, plain light-gray background, high detail"
all,PS0100100101103140500000,38,1024,683,"KORART, ancient Korean artifact, triangular shape, made of metal, Goguryeo period, used for military use, museum quality photograph, plain light-gray background, high detail"
all,PS0100100101103138800000,38,1024,683,"KORART, ancient Korean artifact, triangular shape, made of metal, Goguryeo period, used for military use, museum quality photograph, plain light-gray background, high detail"
all,PS0100100102100101300000,38,774,515,"KORART, ancient Korean artifact, triangular shape, made of metal, Goguryeo period, used for military use, museum quality photograph, plain light-gray background, high detail"
all,PS0100100101102289100000,39,769,1024,"KORART, ancient Korean artifact, triangular shape, made of earthenware clay, Neolithic period, used for food and dining, museum quality photograph, plain light-gray background, high detail"
all,PS0100100101102271900000,39,1024,683,"KORART, ancient Korean artifact, triangular shape, made of earthenware clay, Neolithic period, used for food and dining, museum quality photograph, plain light-gray background, high detail"
all,PS0100100101102206200000,39,851,1024,"KORART, ancient Korean artifact, triangular shape, made of earthenware clay, Neolithic period, used for food and dining, museum quality photograph, plain light-gray background, high detail"
all,PS0100100100101388300000,40,1024,768,"KORART, ancient Korean artifact, triangular shape, made of stone, Bronze Age period, used for industry and livelihood, museum quality photograph, plain light-gray background, high detail"
all,PS0100101100100000100000,40,697,1024,"KORART, ancient Korean artifact, triangular shape, made of stone, Bronze Age period, used for industry and livelihood, museum quality photograph, plain light-gray background, high detail"
all,PS0100100102101713900000,40,1024,683,"KORART, ancient Korean artifact, triangular shape, made of stone, Bronze Age period, used for industry and livelihood, museum quality photograph, plain light-gray background, high detail"
all,PS0100100102400000500000,41,768,1024,"KORART, ancient Korean artifact, geometric shape, made of metal, Early Iron Age period, used for military use, museum quality photograph, plain light-gray background, high detail"
all,PS0100100102400312100000,41,683,1024,"KORART, ancient Korean artifact, geometric shape, made of metal, Early Iron Age period, used for military use, museum quality photograph, plain light-gray background, high detail"
all,PS0100100102400311900000,41,683,1024,"KORART, ancient Korean artifact, geometric shape, made of metal, Early Iron Age period, used for military use, museum quality photograph, plain light-gray background, high detail"
all,PS0100100102400310500000,41,1024,683,"KORART, ancient Korean artifact, geometric shape, made of metal, Early Iron Age period, used for military use, museum quality photograph, plain light-gray background, high detail"
all,PS0100100101700726000000,42,1024,769,"KORART, ancient Korean artifact, geometric shape, made of metal, Goryeo period, used for food and dining, museum quality photograph, plain light-gray background, high detail"
all,PS0100100101100218500000,42,801,1024,"KORART, ancient Korean artifact, geometric shape, made of metal, Goryeo period, used for food and dining, museum quality photograph, plain light-gray background, high detail"
all,PS0100100101100188500000,42,1024,769,"KORART, ancient Korean artifact, geometric shape, made of metal, Goryeo period, used for food and dining, museum quality photograph, plain light-gray background, high detail"
all,PS0100100100500013000000,42,1024,769,"KORART, ancient Korean artifact, geometric shape, made of metal, Goryeo period, used for food and dining, museum quality photograph, plain light-gray background, high detail"
all,PS0100100101101097200000,43,1024,768,"KORART, ancient Korean artifact, geometric shape, made of metal, Joseon period, used for traditional science, museum quality photograph, plain light-gray background, high detail"
all,PS0100100101100843400000,43,1024,768,"KORART, ancient Korean artifact, geometric shape, made of metal, Joseon period, used for traditional science, museum quality photograph, plain light-gray background, high detail"
all,PS0100100101500010600000,44,1024,731,"KORART, ancient Korean artifact, geometric shape, made of metal, modern period, used for arts and culture, museum quality photograph, plain light-gray background, high detail"
all,PS0100100101500021600000,44,1024,731,"KORART, ancient Korean artifact, geometric shape, made of metal, modern period, used for arts and culture, museum quality photograph, plain light-gray background, high detail"
all,PS0100100101500002000000,44,1024,802,"KORART, ancient Korean artifact, geometric shape, made of metal, modern period, used for arts and culture, museum quality photograph, plain light-gray background, high detail"
all,PS0100101400000000100000,45,1024,683,"KORART, ancient Korean artifact, geometric shape, made of metal, Baekje period, used for household life, museum quality photograph, plain light-gray background, high detail"
all,PS0100100400700006500000,45,1024,683,"KORART, ancient Korean artifact, geometric shape, made of metal, Baekje period, used for household life, museum quality photograph, plain light-gray background, high detail"
all,PS0100100300100460700000,45,669,515,"KORART, ancient Korean artifact, geometric shape, made of metal, Baekje period, used for household life, museum quality photograph, plain light-gray background, high detail"
all,PS0100100400101677800000,45,1024,683,"KORART, ancient Korean artifact, geometric shape, made of metal, Baekje period, used for household life, museum quality photograph, plain light-gray background, high detail"
all,PS0100100101700819500000,46,1024,683,"KORART, ancient Korean artifact, geometric shape, made of wood, Joseon period, used for traditional science, museum quality photograph, plain light-gray background, high detail"
all,PS0100100101100958200000,46,669,515,"KORART, ancient Korean artifact, geometric shape, made of wood, Joseon period, used for traditional science, museum quality photograph, plain light-gray background, high detail"
all,PS0100100100300173200000,46,1024,818,"KORART, ancient Korean artifact, geometric shape, made of wood, Joseon period, used for traditional science, museum quality photograph, plain light-gray background, high detail"
all,PS0100100101601003500000,46,1024,768,"KORART, ancient Korean artifact, geometric shape, made of wood, Joseon period, used for traditional science, museum quality photograph, plain light-gray background, high detail"
all,PS0100100101101572800000,47,669,515,"KORART, ancient Korean artifact, geometric shape, made of wood, Joseon period, used for religion and ritual, museum quality photograph, plain light-gray background, high detail"
all,PS0100100102400430200000,47,862,1024,"KORART, ancient Korean artifact, geometric shape, made of wood, Joseon period, used for religion and ritual, museum quality photograph, plain light-gray background, high detail"
all,PS0100100101101530600000,47,768,1024,"KORART, ancient Korean artifact, geometric shape, made of wood, Joseon period, used for religion and ritual, museum quality photograph, plain light-gray background, high detail"
all,PS0100100101101531100000,47,768,1024,"KORART, ancient Korean artifact, geometric shape, made of wood, Joseon period, used for religion and ritual, museum quality photograph, plain light-gray background, high detail"
all,PS0100100400700002100000,48,1024,683,"KORART, ancient Korean artifact, geometric shape, made of wood, Baekje period, used for social life, museum quality photograph, plain light-gray background, high detail"
all,PS0100100400700006100000,48,1024,683,"KORART, ancient Korean artifact, geometric shape, made of wood, Baekje period, used for social life, museum quality photograph, plain light-gray background, high detail"
all,PS0100100400700006200000,48,1024,683,"KORART, ancient Korean artifact, geometric shape, made of wood, Baekje period, used for social life, museum quality photograph, plain light-gray background, high detail"
all,PS0100100400700010400000,48,1024,683,"KORART, ancient Korean artifact, geometric shape, made of wood, Baekje period, used for social life, museum quality photograph, plain light-gray background, high detail"
all,PS0100100100600000900000,49,1024,769,"KORART, ancient Korean artifact, geometric shape, made of ceramic, Joseon period, used for traditional science, museum quality photograph, plain light-gray background, high detail"
all,PS0100100100900067100000,49,1024,683,"KORART, ancient Korean artifact, geometric shape, made of ceramic, Joseon period, used for traditional science, museum quality photograph, plain light-gray background, high detail"
all,PS0100100100101094200000,49,1024,683,"KORART, ancient Korean artifact, geometric shape, made of ceramic, Joseon period, used for traditional science, museum quality photograph, plain light-gray background, high detail"
all,PS0100100100900034400000,50,683,1024,"KORART, ancient Korean artifact, geometric shape, made of ceramic, Joseon period, used for household life, museum quality photograph, plain light-gray background, high detail"
all,PS0100100101100415000000,50,669,515,"KORART, ancient Korean artifact, geometric shape, made of ceramic, Joseon period, used for household life, museum quality photograph, plain light-gray background, high detail"
all,PS0100100100100247200000,50,1024,769,"KORART, ancient Korean artifact, geometric shape, made of ceramic, Joseon period, used for household life, museum quality photograph, plain light-gray background, high detail"
all,PS0100100101100095500000,50,1024,768,"KORART, ancient Korean artifact, geometric shape, made of ceramic, Joseon period, used for household life, museum quality photograph, plain light-gray background, high detail"
all,PS0100100101600442600000,51,1024,682,"KORART, ancient Korean artifact, geometric shape, made of ceramic, Qing period, used for food and dining, museum quality photograph, plain light-gray background, high detail"
all,PS0100100101600334500000,51,764,1024,"KORART, ancient Korean artifact, geometric shape, made of ceramic, Qing period, used for food and dining, museum quality photograph, plain light-gray background, high detail"
all,PS0100100101600426500000,51,682,1024,"KORART, ancient Korean artifact, geometric shape, made of ceramic, Qing period, used for food and dining, museum quality photograph, plain light-gray background, high detail"
all,PS0100100102400294800000,51,731,1024,"KORART, ancient Korean artifact, geometric shape, made of ceramic, Qing period, used for food and dining, museum quality photograph, plain light-gray background, high detail"
all,PS0100100101600284800000,52,817,1024,"KORART, ancient Korean artifact, geometric shape, made of ceramic, Yuan period, used for food and dining, museum quality photograph, plain light-gray background, high detail"
all,PS0100100100701382100000,52,769,1024,"KORART, ancient Korean artifact, geometric shape, made of ceramic, Yuan period, used for food and dining, museum quality photograph, plain light-gray background, high detail"
all,PS0100100100700667600000,52,769,1024,"KORART, ancient Korean artifact, geometric shape, made of ceramic, Yuan period, used for food and dining, museum quality photograph, plain light-gray background, high detail"
all,PS0100100100700669500000,52,768,1024,"KORART, ancient Korean artifact, geometric shape, made of ceramic, Yuan period, used for food and dining, museum quality photograph, plain light-gray background, high detail"
all,PS0100100100500510500000,53,683,1024,"KORART, ancient Korean artifact, geometric shape, made of ceramic, Song period, used for food and dining, museum quality photograph, plain light-gray background, high detail"
all,PS0100100100500425600000,53,1024,769,"KORART, ancient Korean artifact, geometric shape, made of ceramic, Song period, used for food and dining, museum quality photograph, plain light-gray background, high detail"
all,PS0100100100500372500000,53,1024,768,"KORART, ancient Korean artifact, geometric shape, made of ceramic, Song period, used for food and dining, museum quality photograph, plain light-gray background, high detail"
all,PS0100100100500151500000,53,819,1024,"KORART, ancient Korean artifact, geometric shape, made of ceramic, Song period, used for food and dining, museum quality photograph, plain light-gray background, high detail"
all,PS0100100101102288700000,54,1024,811,"KORART, ancient Korean artifact, geometric shape, made of stone, Neolithic period, used for industry and livelihood, museum quality photograph, plain light-gray background, high detail"
all,PS0100100101102290900000,54,1024,769,"KORART, ancient Korean artifact, geometric shape, made of stone, Neolithic period, used for industry and livelihood, museum quality photograph, plain light-gray background, high detail"
all,PS0100100102101335700000,54,1024,683,"KORART, ancient Korean artifact, geometric shape, made of stone, Neolithic period, used for industry and livelihood, museum quality photograph, plain light-gray background, high detail"
all,PS0100100101103931800000,54,1024,683,"KORART, ancient Korean artifact, geometric shape, made of stone, Neolithic period, used for industry and livelihood, museum quality photograph, plain light-gray background, high detail"
all,PS0100100101100055000000,55,784,1024,"KORART, ancient Korean artifact, geometric shape, made of stone, Unified Silla period, used for religion and ritual, museum quality photograph, plain light-gray background, high detail"
all,PS0100100101300096700000,55,980,669,"KORART, ancient Korean artifact, geometric shape, made of stone, Unified Silla period, used for religion and ritual, museum quality photograph, plain light-gray background, high detail"
all,PS0100100101100054900000,55,1024,867,"KORART, ancient Korean artifact, geometric shape, made of stone, Unified Silla period, used for religion and ritual, museum quality photograph, plain light-gray background, high detail"
all,PS0100100102100228900000,55,1024,683,"KORART, ancient Korean artifact, geometric shape, made of stone, Unified Silla period, used for religion and ritual, museum quality photograph, plain light-gray background, high detail"
all,PS0100100100100383000000,56,1024,683,"KORART, ancient Korean artifact, geometric shape, made of earthenware clay, Chinese period, used for food and dining, museum quality photograph, plain light-gray background, high detail"
all,PS0100100101100080500000,56,1024,683,"KORART, ancient Korean artifact, geometric shape, made of earthenware clay, Chinese period, used for food and dining, museum quality photograph, plain light-gray background, high detail"
all,PS0100100102100735000000,56,1024,683,"KORART, ancient Korean artifact, geometric shape, made of earthenware clay, Chinese period, used for food and dining, museum quality photograph, plain light-gray background, high detail"
all,PS0100100102100735300000,56,1024,683,"KORART, ancient Korean artifact, geometric shape, made of earthenware clay, Chinese period, used for food and dining, museum quality photograph, plain light-gray background, high detail"
all,PS0100100100500265200000,57,669,515,"KORART, ancient Korean artifact, geometric shape, made of earthenware clay, Silla period, used for food and dining, museum quality photograph, plain light-gray background, high detail"
all,PS0100100101700358200000,57,1024,683,"KORART, ancient Korean artifact, geometric shape, made of earthenware clay, Silla period, used for food and dining, museum quality photograph, plain light-gray background, high detail"
all,PS0100100101100117500000,58,1024,683,"KORART, ancient Korean artifact, geometric shape, made of earthenware clay, Joseon period, used for traditional science, museum quality photograph, plain light-gray background, high detail"
all,PS0100100100100644600000,58,1024,683,"KORART, ancient Korean artifact, geometric shape, made of earthenware clay, Joseon period, used for traditional science, museum quality photograph, plain light-gray background, high detail"
all,PS0100100101101251500000,58,1024,683,"KORART, ancient Korean artifact, geometric shape, made of earthenware clay, Joseon period, used for traditional science, museum quality photograph, plain light-gray background, high detail"
all,PS0100401000100045000000,58,1024,768,"KORART, ancient Korean artifact, geometric shape, made of earthenware clay, Joseon period, used for traditional science, museum quality photograph, plain light-gray background, high detail"
all,PS0100100101700023300000,59,1024,683,"KORART, ancient Korean artifact, geometric shape, made of earthenware clay, Joseon period, used for household life, museum quality photograph, plain light-gray background, high detail"
all,PS0100100101700112300000,59,1024,683,"KORART, ancient Korean artifact, geometric shape, made of earthenware clay, Joseon period, used for household life, museum quality photograph, plain light-gray background, high detail"
all,PS0100100101700236600000,59,1024,683,"KORART, ancient Korean artifact, geometric shape, made of earthenware clay, Joseon period, used for household life, museum quality photograph, plain light-gray background, high detail"
all,PS0100100102102268300000,59,1024,683,"KORART, ancient Korean artifact, geometric shape, made of earthenware clay, Joseon period, used for household life, museum quality photograph, plain light-gray background, high detail"
all,PS0100100101100600400000,60,669,515,"KORART, ancient Korean artifact, round shape, made of metal, Joseon period, used for industry and livelihood, museum quality photograph, plain light-gray background, high detail"
all,PS0100100101101256400000,60,1024,769,"KORART, ancient Korean artifact, round shape, made of metal, Joseon period, used for industry and livelihood, museum quality photograph, plain light-gray background, high detail"
all,PS0100100101101256100000,60,1024,769,"KORART, ancient Korean artifact, round shape, made of metal, Joseon period, used for industry and livelihood, museum quality photograph, plain light-gray background, high detail"
all,PS0100100100300082100000,60,1024,683,"KORART, ancient Korean artifact, round shape, made of metal, Joseon period, used for industry and livelihood, museum quality photograph, plain light-gray background, high detail"
all,PS0100100100300074700000,61,1024,769,"KORART, ancient Korean artifact, round shape, made of metal, Joseon period, used for social life, museum quality photograph, plain light-gray background, high detail"
all,PS0100100101104148300000,61,1024,683,"KORART, ancient Korean artifact, round shape, made of metal, Joseon period, used for social life, museum quality photograph, plain light-gray background, high detail"
all,PS0100100101101680800000,62,1024,683,"KORART, ancient Korean artifact, round shape, made of metal, Korean Empire period, used for social life, museum quality photograph, plain light-gray background, high detail"
all,PS0100100101101787200000,62,764,1024,"KORART, ancient Korean artifact, round shape, made of metal, Korean Empire period, used for social life, museum quality photograph, plain light-gray background, high detail"
all,PS0100100101101787000000,62,781,1024,"KORART, ancient Korean artifact, round shape, made of metal, Korean Empire period, used for social life, museum quality photograph, plain light-gray background, high detail"
all,PS0100101200108555800000,62,1024,683,"KORART, ancient Korean artifact, round shape, made of metal, Korean Empire period, used for social life, museum quality photograph, plain light-gray background, high detail"
all,PS0100100101100012000000,63,1024,768,"KORART, ancient Korean artifact, round shape, made of metal, Silla period, used for food and dining, museum quality photograph, plain light-gray background, high detail"
all,PS0100100100101435700000,63,1024,768,"KORART, ancient Korean artifact, round shape, made of metal, Silla period, used for food and dining, museum quality photograph, plain light-gray background, high detail"
all,PS0100100100101435600000,63,1024,768,"KORART, ancient Korean artifact, round shape, made of metal, Silla period, used for food and dining, museum quality photograph, plain light-gray background, high detail"
all,PS0100100101100016500000,63,750,515,"KORART, ancient Korean artifact, round shape, made of metal, Silla period, used for food and dining, museum quality photograph, plain light-gray background, high detail"
all,PS0100100101700130000000,64,1024,682,"KORART, ancient Korean artifact, round shape, made of earthenware clay, Baekje period, used for food and dining, museum quality photograph, plain light-gray background, high detail"
all,PS0100100101104881500000,64,1024,683,"KORART, ancient Korean artifact, round shape, made of earthenware clay, Baekje period, used for food and dining, museum quality photograph, plain light-gray background, high detail"
all,PS0100100101104883500000,64,1024,683,"KORART, ancient Korean artifact, round shape, made of earthenware clay, Baekje period, used for food and dining, museum quality photograph, plain light-gray background, high detail"
all,PS0100100100100903200000,65,1024,678,"KORART, ancient Korean artifact, round shape, made of earthenware clay, Kofun period, used for food and dining, museum quality photograph, plain light-gray background, high detail"
all,PS0100100100100903000000,65,1024,683,"KORART, ancient Korean artifact, round shape, made of earthenware clay, Kofun period, used for food and dining, museum quality photograph, plain light-gray background, high detail"
all,PS0100100100100897900000,65,1024,683,"KORART, ancient Korean artifact, round shape, made of earthenware clay, Kofun period, used for food and dining, museum quality photograph, plain light-gray background, high detail"
all,PS0100100101300046800000,66,1024,768,"KORART, ancient Korean artifact, round shape, made of stone, Bronze Age period, used for industry and livelihood, museum quality photograph, plain light-gray background, high detail"
all,PS0100100101105110800000,66,1024,683,"KORART, ancient Korean artifact, round shape, made of stone, Bronze Age period, used for industry and livelihood, museum quality photograph, plain light-gray background, high detail"
all,PS0100100101105110700000,66,1024,682,"KORART, ancient Korean artifact, round shape, made of stone, Bronze Age period, used for industry and livelihood, museum quality photograph, plain light-gray background, high detail"
all,PS0100100102102077000000,66,1024,683,"KORART, ancient Korean artifact, round shape, made of stone, Bronze Age period, used for industry and livelihood, museum quality photograph, plain light-gray background, high detail"
all,PS0100100100500133200000,67,768,1024,"KORART, ancient Korean artifact, round shape, made of glass or gemstone, Goryeo period, used for food and dining, museum quality photograph, plain light-gray background, high detail"
all,PS0100100100500544300000,67,669,515,"KORART, ancient Korean artifact, round shape, made of glass or gemstone, Goryeo period, used for food and dining, museum quality photograph, plain light-gray background, high detail"
all,PS0100100100500506100000,67,669,516,"KORART, ancient Korean artifact, round shape, made of glass or gemstone, Goryeo period, used for food and dining, museum quality photograph, plain light-gray background, high detail"
all,PS0100100100500132100000,67,669,515,"KORART, ancient Korean artifact, round shape, made of glass or gemstone, Goryeo period, used for food and dining, museum quality photograph, plain light-gray background, high detail"
all,PS0100100100100658600000,68,1024,683,"KORART, ancient Korean artifact, round shape, made of glass or gemstone, Song period, used for social life, museum quality photograph, plain light-gray background, high detail"
all,PS0100100100100660400000,68,1024,769,"KORART, ancient Korean artifact, round shape, made of glass or gemstone, Song period, used for social life, museum quality photograph, plain light-gray background, high detail"
all,PS0100100101100049800000,69,1024,768,"KORART, ancient Korean artifact, round shape, made of bone, horn or shell, Joseon period, used for household life, museum quality photograph, plain light-gray background, high detail"
all,PS0100100100300155100000,69,1024,768,"KORART, ancient Korean artifact, round shape, made of bone, horn or shell, Joseon period, used for household life, museum quality photograph, plain light-gray background, high detail"
all,PS0100100100500129800000,69,1024,768,"KORART, ancient Korean artifact, round shape, made of bone, horn or shell, Joseon period, used for household life, museum quality photograph, plain light-gray background, high detail"
all,PS0100100101100060400000,69,1024,768,"KORART, ancient Korean artifact, round shape, made of bone, horn or shell, Joseon period, used for household life, museum quality photograph, plain light-gray background, high detail"
all,PS0100100101100961800000,70,1024,768,"KORART, ancient Korean artifact, human-figure shape, made of wood, Japanese colonial period, used for religion and ritual, museum quality photograph, plain light-gray background, high detail"
all,PS0100100101100961600000,70,768,1024,"KORART, ancient Korean artifact, human-figure shape, made of wood, Japanese colonial period, used for religion and ritual, museum quality photograph, plain light-gray background, high detail"
all,PS0100100101100961400000,70,769,1024,"KORART, ancient Korean artifact, human-figure shape, made of wood, Japanese colonial period, used for religion and ritual, museum quality photograph, plain light-gray background, high detail"
all,PS0100100101100961300000,70,515,669,"KORART, ancient Korean artifact, human-figure shape, made of wood, Japanese colonial period, used for religion and ritual, museum quality photograph, plain light-gray background, high detail"
all,PS0100100100500554700000,71,659,1024,"KORART, ancient Korean artifact, human-figure shape, made of wood, Goryeo period, used for religion and ritual, museum quality photograph, plain light-gray background, high detail"
all,PS0100100100500225300000,71,683,1024,"KORART, ancient Korean artifact, human-figure shape, made of wood, Goryeo period, used for religion and ritual, museum quality photograph, plain light-gray background, high detail"
all,PS0100100100500119200000,71,768,1024,"KORART, ancient Korean artifact, human-figure shape, made of wood, Goryeo period, used for religion and ritual, museum quality photograph, plain light-gray background, high detail"
all,PS0100100100500288000000,71,669,515,"KORART, ancient Korean artifact, human-figure shape, made of wood, Goryeo period, used for religion and ritual, museum quality photograph, plain light-gray background, high detail"
all,PS0100100101200043500000,72,768,1024,"KORART, ancient Korean artifact, human-figure shape, made of stone, Baekje period, used for religion and ritual, museum quality photograph, plain light-gray background, high detail"
all,PS0100100101200042700000,72,468,600,"KORART, ancient Korean artifact, human-figure shape, made of stone, Baekje period, used for religion and ritual, museum quality photograph, plain light-gray background, high detail"
all,PS0100100101100264000000,72,811,1024,"KORART, ancient Korean artifact, human-figure shape, made of stone, Baekje period, used for religion and ritual, museum quality photograph, plain light-gray background, high detail"
all,PS0100100100101437000000,72,768,1024,"KORART, ancient Korean artifact, human-figure shape, made of stone, Baekje period, used for religion and ritual, museum quality photograph, plain light-gray background, high detail"
all,PS0100100100100669000000,73,683,1024,"KORART, ancient Korean artifact, human-figure shape, made of stone, Tang period, used for religion and ritual, museum quality photograph, plain light-gray background, high detail"
all,PS0100100100500579200000,73,668,515,"KORART, ancient Korean artifact, human-figure shape, made of stone, Tang period, used for religion and ritual, museum quality photograph, plain light-gray background, high detail"
all,PS0100100100500468400000,73,683,1024,"KORART, ancient Korean artifact, human-figure shape, made of stone, Tang period, used for religion and ritual, museum quality photograph, plain light-gray background, high detail"
all,PS0100100101600442700000,73,1024,682,"KORART, ancient Korean artifact, human-figure shape, made of stone, Tang period, used for religion and ritual, museum quality photograph, plain light-gray background, high detail"
all,PS0100100101100137000000,74,448,593,"KORART, ancient Korean artifact, human-figure shape, made of stone, Goryeo period, used for religion and ritual, museum quality photograph, plain light-gray background, high detail"
all,PS0100100102400476100000,74,225,400,"KORART, ancient Korean artifact, human-figure shape, made of stone, Goryeo period, used for religion and ritual, museum quality photograph, plain light-gray background, high detail"
all,PS0100100101101208000000,74,769,1024,"KORART, ancient Korean artifact, human-figure shape, made of stone, Goryeo period, used for religion and ritual, museum quality photograph, plain light-gray background, high detail"
all,PS0100100100500403400000,74,1024,683,"KORART, ancient Korean artifact, human-figure shape, made of stone, Goryeo period, used for religion and ritual, museum quality photograph, plain light-gray background, high detail"
all,PS0100100101600443000000,75,1024,682,"KORART, ancient Korean artifact, human-figure shape, made of metal, Indian period, used for arts and culture, museum quality photograph, plain light-gray background, high detail"
all,PS0100100101600453900000,75,1024,682,"KORART, ancient Korean artifact, human-figure shape, made of metal, Indian period, used for arts and culture, museum quality photograph, plain light-gray background, high detail"
all,PS0100100101600454000000,75,1024,682,"KORART, ancient Korean artifact, human-figure shape, made of metal, Indian period, used for arts and culture, museum quality photograph, plain light-gray background, high detail"
all,PS0100100101600454100000,75,1024,682,"KORART, ancient Korean artifact, human-figure shape, made of metal, Indian period, used for arts and culture, museum quality photograph, plain light-gray background, high detail"
all,PS0100100100500404600000,76,1024,768,"KORART, ancient Korean artifact, human-figure shape, made of metal, Joseon period, used for religion and ritual, museum quality photograph, plain light-gray background, high detail"
all,PS0100100500100692300000,76,676,1024,"KORART, ancient Korean artifact, human-figure shape, made of metal, Joseon period, used for religion and ritual, museum quality photograph, plain light-gray background, high detail"
all,PS0100100101100452900000,76,768,1024,"KORART, ancient Korean artifact, human-figure shape, made of metal, Joseon period, used for religion and ritual, museum quality photograph, plain light-gray background, high detail"
all,PS0100100101100453000000,76,768,1024,"KORART, ancient Korean artifact, human-figure shape, made of metal, Joseon period, used for religion and ritual, museum quality photograph, plain light-gray background, high detail"
all,PS0100100101100332500000,77,515,669,"KORART, ancient Korean artifact, human-figure shape, made of ceramic, Goryeo period, used for food and dining, museum quality photograph, plain light-gray background, high detail"
all,PS0100100100500000700000,77,1024,769,"KORART, ancient Korean artifact, human-figure shape, made of ceramic, Goryeo period, used for food and dining, museum quality photograph, plain light-gray background, high detail"
all,PS0100100101600334800000,78,1024,768,"KORART, ancient Korean artifact, animal-shaped shape, made of ceramic, Tang period, used for social life, museum quality photograph, plain light-gray background, high detail"
all,PS0100100101600317800000,78,669,515,"KORART, ancient Korean artifact, animal-shaped shape, made of ceramic, Tang period, used for social life, museum quality photograph, plain light-gray background, high detail"
all,PS0100100101600334200000,78,683,1024,"KORART, ancient Korean artifact, animal-shaped shape, made of ceramic, Tang period, used for social life, museum quality photograph, plain light-gray background, high detail"
all,PS0100100101600334300000,78,683,1024,"KORART, ancient Korean artifact, animal-shaped shape, made of ceramic, Tang period, used for social life, museum quality photograph, plain light-gray background, high detail"
all,PS0100100100500186200000,79,1024,768,"KORART, ancient Korean artifact, animal-shaped shape, made of wood, Joseon period, used for industry and livelihood, museum quality photograph, plain light-gray background, high detail"
all,PS0100100101101672100000,79,669,515,"KORART, ancient Korean artifact, animal-shaped shape, made of wood, Joseon period, used for industry and livelihood, museum quality photograph, plain light-gray background, high detail"
all,PS0100100100300239700000,80,811,1024,"KORART, ancient Korean artifact, animal-shaped shape, made of wood, Joseon period, used for arts and culture, museum quality photograph, plain light-gray background, high detail"
all,PS0100100102400433200000,80,1024,769,"KORART, ancient Korean artifact, animal-shaped shape, made of wood, Joseon period, used for arts and culture, museum quality photograph, plain light-gray background, high detail"
all,PS0100100102400431200000,80,1024,768,"KORART, ancient Korean artifact, animal-shaped shape, made of wood, Joseon period, used for arts and culture, museum quality photograph, plain light-gray background, high detail"
all,PS0100100102400430100000,80,1024,834,"KORART, ancient Korean artifact, animal-shaped shape, made of wood, Joseon period, used for arts and culture, museum quality photograph, plain light-gray background, high detail"
all,PS0100100101100960000000,81,1024,768,"KORART, ancient Korean artifact, animal-shaped shape, made of wood, Japanese colonial period, used for religion and ritual, museum quality photograph, plain light-gray background, high detail"
all,PS0100100101100959900000,81,1024,768,"KORART, ancient Korean artifact, animal-shaped shape, made of wood, Japanese colonial period, used for religion and ritual, museum quality photograph, plain light-gray background, high detail"
all,PS0100100101100670000000,82,515,669,"KORART, ancient Korean artifact, animal-shaped shape, made of earthenware clay, Gaya period, used for food and dining, museum quality photograph, plain light-gray background, high detail"
all,PS0100100101700116200000,82,1024,683,"KORART, ancient Korean artifact, animal-shaped shape, made of earthenware clay, Gaya period, used for food and dining, museum quality photograph, plain light-gray background, high detail"
all,PS0100100101101797600000,83,669,507,"KORART, ancient Korean artifact, animal-shaped shape, made of stone, Goryeo period, used for traditional science, museum quality photograph, plain light-gray background, high detail"
all,PS0100100100700663900000,84,1024,769,"KORART, ancient Korean artifact, animal-shaped shape, made of metal, Chinese period, used for social life, museum quality photograph, plain light-gray background, high detail"
all,PS0100100101700499700000,84,669,515,"KORART, ancient Korean artifact, animal-shaped shape, made of metal, Chinese period, used for social life, museum quality photograph, plain light-gray background, high detail"
all,PS0100100101101241100000,85,412,290,"KORART, ancient Korean artifact, animal-shaped shape, made of metal, Joseon period, used for household life, museum quality photograph, plain light-gray background, high detail"
all,PS0100100101101675000000,85,1024,683,"KORART, ancient Korean artifact, animal-shaped shape, made of metal, Joseon period, used for household life, museum quality photograph, plain light-gray background, high detail"
all,PS0100100101100433400000,85,669,515,"KORART, ancient Korean artifact, animal-shaped shape, made of metal, Joseon period, used for household life, museum quality photograph, plain light-gray background, high detail"
all,PS0100100100900197900000,85,1024,683,"KORART, ancient Korean artifact, animal-shaped shape, made of metal, Joseon period, used for household life, museum quality photograph, plain light-gray background, high detail"
all,PS0100100100500630900000,86,1024,683,"KORART, ancient Korean artifact, cylindrical shape, made of ceramic, Joseon period, used for religion and ritual, museum quality photograph, plain light-gray background, high detail"
all,PS0100100100500176400000,86,1024,769,"KORART, ancient Korean artifact, cylindrical shape, made of ceramic, Joseon period, used for religion and ritual, museum quality photograph, plain light-gray background, high detail"
all,PS0100100100500174800000,86,1024,768,"KORART, ancient Korean artifact, cylindrical shape, made of ceramic, Joseon period, used for religion and ritual, museum quality photograph, plain light-gray background, high detail"
all,PS0100100100500303800000,86,1024,739,"KORART, ancient Korean artifact, cylindrical shape, made of ceramic, Joseon period, used for religion and ritual, museum quality photograph, plain light-gray background, high detail"
all,PS0100100100500640000000,87,853,1024,"KORART, ancient Korean artifact, cylindrical shape, made of ceramic, Joseon period, used for household life, museum quality photograph, plain light-gray background, high detail"
all,PS0100100100600026200000,87,1024,769,"KORART, ancient Korean artifact, cylindrical shape, made of ceramic, Joseon period, used for household life, museum quality photograph, plain light-gray background, high detail"
all,PS0100100100600015800000,87,683,1024,"KORART, ancient Korean artifact, cylindrical shape, made of ceramic, Joseon period, used for household life, museum quality photograph, plain light-gray background, high detail"
all,PS0100100100500160900000,87,793,1024,"KORART, ancient Korean artifact, cylindrical shape, made of ceramic, Joseon period, used for household life, museum quality photograph, plain light-gray background, high detail"
all,PS0100100100101307600000,88,1024,769,"KORART, ancient Korean artifact, cylindrical shape, made of ceramic, Goryeo period, used for religion and ritual, museum quality photograph, plain light-gray background, high detail"
all,PS0100100100101307700000,88,1024,769,"KORART, ancient Korean artifact, cylindrical shape, made of ceramic, Goryeo period, used for religion and ritual, museum quality photograph, plain light-gray background, high detail"
all,PS0100100101100034100000,88,669,515,"KORART, ancient Korean artifact, cylindrical shape, made of ceramic, Goryeo period, used for religion and ritual, museum quality photograph, plain light-gray background, high detail"
all,PS0100100100101308000000,88,1024,769,"KORART, ancient Korean artifact, cylindrical shape, made of ceramic, Goryeo period, used for religion and ritual, museum quality photograph, plain light-gray background, high detail"
all,PS0100100100101307900000,89,1024,769,"KORART, ancient Korean artifact, cylindrical shape, made of ceramic, Goryeo period, used for food and dining, museum quality photograph, plain light-gray background, high detail"
all,PS0100100100500108200000,89,769,1024,"KORART, ancient Korean artifact, cylindrical shape, made of ceramic, Goryeo period, used for food and dining, museum quality photograph, plain light-gray background, high detail"
all,PS0100100100500589000000,89,731,1024,"KORART, ancient Korean artifact, cylindrical shape, made of ceramic, Goryeo period, used for food and dining, museum quality photograph, plain light-gray background, high detail"
all,PS0100100100100257200000,89,1024,683,"KORART, ancient Korean artifact, cylindrical shape, made of ceramic, Goryeo period, used for food and dining, museum quality photograph, plain light-gray background, high detail"
all,PS0100100100101307500000,90,1024,769,"KORART, ancient Korean artifact, cylindrical shape, made of metal, Goryeo period, used for food and dining, museum quality photograph, plain light-gray background, high detail"
all,PS0100100102400322500000,90,1024,683,"KORART, ancient Korean artifact, cylindrical shape, made of metal, Goryeo period, used for food and dining, museum quality photograph, plain light-gray background, high detail"
all,PS0100100102400330200000,90,1024,683,"KORART, ancient Korean artifact, cylindrical shape, made of metal, Goryeo period, used for food and dining, museum quality photograph, plain light-gray background, high detail"
all,PS0100100101100231900000,91,669,515,"KORART, ancient Korean artifact, cylindrical shape, made of metal, Silla period, used for religion and ritual, museum quality photograph, plain light-gray background, high detail"
all,PS0100100101100232000000,91,245,342,"KORART, ancient Korean artifact, cylindrical shape, made of metal, Silla period, used for religion and ritual, museum quality photograph, plain light-gray background, high detail"
all,PS0100100101700106500000,92,1024,683,"KORART, ancient Korean artifact, cylindrical shape, made of earthenware clay, Silla period, used for food and dining, museum quality photograph, plain light-gray background, high detail"
all,PS0100100101100508000000,92,1024,683,"KORART, ancient Korean artifact, cylindrical shape, made of earthenware clay, Silla period, used for food and dining, museum quality photograph, plain light-gray background, high detail"
all,PS0100100101101209600000,92,1024,683,"KORART, ancient Korean artifact, cylindrical shape, made of earthenware clay, Silla period, used for food and dining, museum quality photograph, plain light-gray background, high detail"
all,PS0100100102100226500000,92,1024,683,"KORART, ancient Korean artifact, cylindrical shape, made of earthenware clay, Silla period, used for food and dining, museum quality photograph, plain light-gray background, high detail"
all,PS0100100101100131800000,93,1024,768,"KORART, ancient Korean artifact, cylindrical shape, made of earthenware clay, Unified Silla period, used for social life, museum quality photograph, plain light-gray background, high detail"
all,PS0100100101100565500000,93,683,1024,"KORART, ancient Korean artifact, cylindrical shape, made of earthenware clay, Unified Silla period, used for social life, museum quality photograph, plain light-gray background, high detail"
all,PS0100100101100565400000,93,1024,683,"KORART, ancient Korean artifact, cylindrical shape, made of earthenware clay, Unified Silla period, used for social life, museum quality photograph, plain light-gray background, high detail"
all,PS0100100100900204600000,93,1024,683,"KORART, ancient Korean artifact, cylindrical shape, made of earthenware clay, Unified Silla period, used for social life, museum quality photograph, plain light-gray background, high detail"
all,PS0100100100300164500000,94,1024,768,"KORART, ancient Korean artifact, cylindrical shape, made of bone, horn or shell, Joseon period, used for household life, museum quality photograph, plain light-gray background, high detail"
all,PS0100100100300164300000,94,669,515,"KORART, ancient Korean artifact, cylindrical shape, made of bone, horn or shell, Joseon period, used for household life, museum quality photograph, plain light-gray background, high detail"
all,PS0100200100108389900000,94,683,1024,"KORART, ancient Korean artifact, cylindrical shape, made of bone, horn or shell, Joseon period, used for household life, museum quality photograph, plain light-gray background, high detail"
all,PS0100100100300239600000,95,683,1024,"KORART, ancient Korean artifact, cylindrical shape, made of wood, Joseon period, used for military use, museum quality photograph, plain light-gray background, high detail"
all,PS0100100101101238700000,95,411,289,"KORART, ancient Korean artifact, cylindrical shape, made of wood, Joseon period, used for military use, museum quality photograph, plain light-gray background, high detail"
all,PS0100100100300172800000,95,1024,683,"KORART, ancient Korean artifact, cylindrical shape, made of wood, Joseon period, used for military use, museum quality photograph, plain light-gray background, high detail"
all,PS0100100101100236200000,95,1024,768,"KORART, ancient Korean artifact, cylindrical shape, made of wood, Joseon period, used for military use, museum quality photograph, plain light-gray background, high detail"
all,PS0100100100100901000000,96,1024,683,"KORART, ancient Korean artifact, triangular shape, made of earthenware clay, Yayoi period, used for food and dining, museum quality photograph, plain light-gray background, high detail"
all,PS0100100100100900900000,96,1024,683,"KORART, ancient Korean artifact, triangular shape, made of earthenware clay, Yayoi period, used for food and dining, museum quality photograph, plain light-gray background, high detail"
all,PS0100100102102066600000,96,1024,683,"KORART, ancient Korean artifact, triangular shape, made of earthenware clay, Yayoi period, used for food and dining, museum quality photograph, plain light-gray background, high detail"
all,PS0100100102101790600000,96,1024,683,"KORART, ancient Korean artifact, triangular shape, made of earthenware clay, Yayoi period, used for food and dining, museum quality photograph, plain light-gray background, high detail"
all,PS0100100101100135700000,97,1024,683,"KORART, ancient Korean artifact, triangular shape, made of metal, Goryeo period, used for social life, museum quality photograph, plain light-gray background, high detail"
all,PS0100100100500053600000,97,1024,683,"KORART, ancient Korean artifact, triangular shape, made of metal, Goryeo period, used for social life, museum quality photograph, plain light-gray background, high detail"
all,PS0100100101100190800000,97,509,600,"KORART, ancient Korean artifact, triangular shape, made of metal, Goryeo period, used for social life, museum quality photograph, plain light-gray background, high detail"
all,PS0100100101102583600000,97,1024,683,"KORART, ancient Korean artifact, triangular shape, made of metal, Goryeo period, used for social life, museum quality photograph, plain light-gray background, high detail"
all,PS0100100101100309700000,98,1024,769,"KORART, ancient Korean artifact, triangular shape, made of stone, Bronze Age period, used for military use, museum quality photograph, plain light-gray background, high detail"
all,PS0100100101100354100000,98,669,515,"KORART, ancient Korean artifact, triangular shape, made of stone, Bronze Age period, used for military use, museum quality photograph, plain light-gray background, high detail"
all,PS0100100102400342800000,98,683,1024,"KORART, ancient Korean artifact, triangular shape, made of stone, Bronze Age period, used for military use, museum quality photograph, plain light-gray background, high detail"
all,PS0100100101103377600000,98,1024,683,"KORART, ancient Korean artifact, triangular shape, made of stone, Bronze Age period, used for military use, museum quality photograph, plain light-gray background, high detail"
all,PS0100100101100379300000,99,682,1024,"KORART, ancient Korean artifact, rectangular shape, made of ceramic, Joseon period, used for social life, museum quality photograph, plain light-gray background, high detail"
all,PS0100100101700592500000,99,1024,788,"KORART, ancient Korean artifact, rectangular shape, made of ceramic, Joseon period, used for social life, museum quality photograph, plain light-gray background, high detail"
all,PS0100100101101360500000,99,1024,691,"KORART, ancient Korean artifact, rectangular shape, made of ceramic, Joseon period, used for social life, museum quality photograph, plain light-gray background, high detail"
all,PS0100100101700894800000,99,1024,683,"KORART, ancient Korean artifact, rectangular shape, made of ceramic, Joseon period, used for social life, museum quality photograph, plain light-gray background, high detail"
all,PS0100100100101397200000,100,1024,806,"KORART, ancient Korean artifact, rectangular shape, made of earthenware clay, Baekje period, used for household life, museum quality photograph, plain light-gray background, high detail"
all,PS0100100100101396900000,100,1024,859,"KORART, ancient Korean artifact, rectangular shape, made of earthenware clay, Baekje period, used for household life, museum quality photograph, plain light-gray background, high detail"
all,PS0100100100101396800000,100,1024,768,"KORART, ancient Korean artifact, rectangular shape, made of earthenware clay, Baekje period, used for household life, museum quality photograph, plain light-gray background, high detail"
all,PS0100100100101397100000,100,1024,683,"KORART, ancient Korean artifact, rectangular shape, made of earthenware clay, Baekje period, used for household life, museum quality photograph, plain light-gray background, high detail"
